image,ALB,BET,DOL,LAG,NoF,OTHER,SHARK,YFT
img_00005.jpg,4.28391e-06,1.60661e-07,6.71337e-06,3.12611e-12,0.999973,1.70946e-07,2.94058e-11,1.55363e-05
img_00007.jpg,0.238137,0.469554,0.00467805,3.76214e-05,0.00198765,0.007575,0.00017455,0.277856
img_00009.jpg,0.496039,0.0955825,0.000261902,7.82719e-06,0.112036,0.00170861,7.63483e-05,0.294288
img_00018.jpg,0.0747747,0.859176,0.000873291,1.11298e-05,0.00128347,0.000717583,4.79971e-05,0.0631161
img_00027.jpg,0.00696036,0.45761,0.0093878,0.000171103,0.0429865,0.0206149,6.42449e-05,0.462205
img_00030.jpg,0.136064,0.0103253,0.000131811,5.47385e-07,0.626565,5.38665e-05,0.0010228,0.225837
img_00040.jpg,0.0112299,0.24792,0.000125601,6.85536e-07,0.000915654,0.000182525,0.0762383,0.663388
img_00046.jpg,0.0298507,5.31848e-05,1.27391e-05,2.1811e-07,0.96219,4.45837e-05,4.60993e-06,0.00784393
img_00053.jpg,0.0991481,0.16944,0.00940531,4.29216e-05,0.0492802,0.000960506,0.00102518,0.670698
img_00071.jpg,2.04437e-05,0.000196237,3.10275e-06,0.895085,1.55885e-05,0.104414,7.90112e-05,0.000186848
img_00075.jpg,0.0193191,0.53643,0.00104253,0.000486655,0.0989812,0.0349576,0.000842033,0.307941
img_00102.jpg,0.0222584,0.0514535,4.81428e-05,1.26926e-07,0.000227444,0.000247605,0.000252498,0.925512
img_00103.jpg,0.150914,0.191188,0.00246033,0.000107813,0.00185562,0.00941071,7.52779e-05,0.643989
img_00109.jpg,0.847114,0.000303915,1.07939e-05,2.3935e-09,0.0493455,3.52442e-06,3.70185e-05,0.103186
img_00119.jpg,0.000397552,0.05643,0.0185699,0.0115191,0.125815,0.0531954,0.00310914,0.730964
img_00120.jpg,0.00404037,0.0325131,2.70472e-05,9.32102e-06,0.00149112,0.00406468,0.375231,0.582623
img_00125.jpg,0.13547,0.15378,0.0278491,0.000107033,0.00123379,0.0833145,5.25956e-05,0.598194
img_00128.jpg,0.0020191,0.0350263,0.321699,4.53049e-07,0.000765807,7.99935e-05,3.37633e-06,0.640406
img_00129.jpg,0.0102996,0.0936629,5.66987e-05,1.55498e-06,0.000862128,0.000295453,0.289104,0.605717
img_00133.jpg,0.00185322,5.53335e-05,8.06158e-06,4.06877e-07,0.994124,7.96591e-05,5.12087e-07,0.00387884
img_00138.jpg,0.25723,0.280731,0.00536944,0.000396906,0.0944392,0.00356869,0.0319236,0.326342
img_00141.jpg,3.84812e-05,0.000262405,0.00415638,1.304e-08,3.54283e-06,1.62636e-05,1.22667e-06,0.995522
img_00152.jpg,0.00297591,0.009789,0.00128698,6.22466e-06,0.000188203,0.00158176,5.31373e-05,0.984119
img_00161.jpg,3.01378e-05,0.00165147,0.00336264,3.98018e-07,7.21864e-05,0.000101926,0.000118834,0.994662
img_00164.jpg,0.00269928,0.00165277,0.00733919,6.58506e-05,0.0425277,0.016546,1.32884e-05,0.929156
img_00170.jpg,0.484083,0.0270495,0.00213229,0.000400785,0.23117,0.00783676,0.00444238,0.242885
img_00171.jpg,1.33129e-05,6.5115e-07,1.74099e-06,0.0013979,1.95835e-07,0.998476,1.86925e-07,0.000110009
img_00172.jpg,0.000462832,1.23461e-05,4.24236e-05,2.72286e-08,0.998188,1.01985e-05,1.90025e-08,0.00128424
img_00175.jpg,0.000242643,9.32356e-06,2.31644e-05,0.00183748,8.7958e-06,0.99696,1.36716e-06,0.000917149
img_00180.jpg,0.00402681,0.00185896,0.000719766,2.84278e-06,0.00712792,0.000313647,0.000131219,0.985819
img_00196.jpg,0.00181784,0.0249752,0.00440692,5.30355e-05,0.454526,0.00189737,0.000250532,0.512073
img_00212.jpg,0.0151797,0.00103859,0.000343281,5.10283e-08,0.00123924,1.6687e-05,4.55043e-05,0.982137
img_00223.jpg,0.00172934,0.00910725,0.950681,0.00211187,0.00142071,0.0051181,1.3074e-05,0.029819
img_00230.jpg,0.364379,0.325435,0.000583044,1.24034e-05,0.00150796,0.00227331,9.10803e-05,0.305718
img_00232.jpg,0.000346457,0.0135064,1.68886e-07,1.4388e-07,1.49967e-05,1.62601e-05,0.968598,0.0175174
img_00244.jpg,0.138553,0.122505,0.000415051,0.000496116,0.0434249,0.0590139,0.000462901,0.635128
img_00272.jpg,0.00206051,0.0638411,0.307461,0.000131296,0.000271428,0.00431808,0.000123419,0.621794
img_00280.jpg,0.0288527,0.0328808,0.00769584,2.28198e-05,0.602112,0.000948512,0.000118826,0.327369
img_00282.jpg,0.000134326,4.4242e-06,1.82452e-05,0.00219946,2.92634e-06,0.997256,1.11598e-06,0.00038367
img_00285.jpg,0.0480707,0.00274402,4.45629e-05,1.37089e-07,0.000558572,0.000400075,0.00189799,0.946284
img_00289.jpg,0.0691058,0.0174725,0.000773393,4.78547e-06,0.813748,0.000337813,5.00795e-05,0.0985074
img_00292.jpg,0.061507,0.0938961,0.00253132,0.00566676,0.281928,0.044473,0.0031493,0.506848
img_00302.jpg,0.00976149,0.605904,0.00015108,9.9724e-07,0.000600606,0.000164596,0.0233865,0.360031
img_00311.jpg,0.639529,0.0662618,0.000127362,6.47015e-07,0.13475,6.19509e-05,0.000278801,0.15899
img_00320.jpg,0.913749,0.000628472,0.000647193,1.08619e-07,0.0182329,4.76808e-05,1.86717e-05,0.0666756
img_00331.jpg,0.0548848,0.0207849,0.00010932,1.26739e-06,0.0207787,0.000826357,0.00230287,0.900312
img_00358.jpg,0.0537288,0.11378,0.000457928,3.47911e-06,0.00472032,0.000594122,0.000758275,0.825957
img_00374.jpg,0.282929,0.17976,0.000839977,3.7274e-07,0.00122746,0.000134074,3.1002e-05,0.535078
img_00375.jpg,0.00283492,0.00281797,0.957456,0.000352924,0.0198329,0.00373296,4.95493e-06,0.0129673
img_00376.jpg,0.270142,0.00467764,0.00123297,2.04889e-07,0.122985,0.000194499,0.000146823,0.600621
img_00380.jpg,0.156527,0.511039,0.0378662,0.00413952,0.0969402,0.0143863,0.00467326,0.174428
img_00383.jpg,0.829497,0.0142521,9.26656e-06,2.91259e-08,0.0611656,9.71707e-06,0.000441707,0.0946243
img_00398.jpg,0.216469,0.00574135,1.78424e-05,6.26247e-08,0.244408,4.29341e-05,0.0059149,0.527406
img_00407.jpg,0.122634,0.0409559,0.00446968,0.0052924,0.0436871,0.150963,0.00730597,0.624692
img_00417.jpg,0.00130936,5.45414e-05,0.000112777,2.64826e-09,4.95704e-05,1.31071e-05,4.7204e-06,0.998456
img_00432.jpg,0.219555,0.00421907,0.196985,0.00067371,0.0515142,0.311545,2.48442e-06,0.215506
img_00442.jpg,0.000919509,0.000763817,0.0129356,1.58365e-07,6.65472e-05,0.000111851,6.59831e-06,0.985196
img_00446.jpg,0.0350334,0.00458573,0.000123548,3.05635e-05,0.784485,0.00736966,9.90239e-06,0.168362
img_00469.jpg,0.601375,0.014259,3.45447e-05,1.53093e-05,0.0534393,0.0195873,0.000250254,0.311039
img_00473.jpg,0.509036,0.000343734,0.000564777,1.61163e-08,0.0733364,1.25774e-05,3.15569e-06,0.416703
img_00483.jpg,0.743201,0.00561103,7.39059e-06,3.26217e-09,0.0439687,4.75961e-06,0.000342962,0.206864
img_00484.jpg,0.118719,0.339407,9.83644e-05,5.39156e-05,0.00163523,0.0169291,0.00263566,0.520521
img_00486.jpg,0.0350287,0.613128,0.177803,0.0803462,0.00785842,0.0344214,0.00218969,0.0492245
img_00487.jpg,0.000594105,0.000144957,0.00040128,1.96983e-06,0.994678,9.26827e-05,4.48291e-07,0.00408694
img_00493.jpg,0.000816797,1.23156e-05,1.13584e-05,1.49876e-07,0.997323,2.18195e-05,9.1937e-08,0.00181426
img_00518.jpg,0.499411,0.000448093,0.000265882,1.10465e-06,0.194975,0.000140356,0.000354782,0.304403
img_00533.jpg,0.0130834,0.100876,6.03878e-05,6.17311e-07,0.000235589,0.000185969,0.00268405,0.882874
img_00538.jpg,0.114105,0.0125794,0.00119636,3.18438e-06,0.149361,0.000512131,1.6996e-05,0.722225
img_00543.jpg,0.636847,0.0224752,5.76756e-05,1.92019e-07,0.201601,4.51341e-05,0.000216421,0.138757
img_00550.jpg,0.117419,0.00791083,0.0638839,0.00252013,0.0299575,0.480195,5.72647e-05,0.298056
img_00551.jpg,0.631503,0.0817811,0.00482925,0.000515729,0.0262193,0.0168501,0.000754819,0.237546
img_00564.jpg,0.000447116,2.1264e-05,4.49557e-05,1.4556e-07,0.998739,0.000109175,1.17657e-08,0.000637868
img_00575.jpg,0.0110309,0.049513,0.000156204,8.02916e-07,0.0121571,0.000316309,0.0192116,0.907614
img_00582.jpg,0.0900333,0.0283391,0.000104956,0.00026338,0.369508,0.138722,0.000557374,0.372471
img_00584.jpg,0.29541,0.0172766,6.01654e-05,4.82032e-07,0.42277,0.000116964,0.00131782,0.263047
img_00587.jpg,0.0118159,0.0357473,0.00136115,0.000118235,0.0300883,0.0504912,0.000276368,0.870101
img_00590.jpg,0.0115072,0.0217333,0.000526511,7.12856e-08,0.00230034,5.79309e-05,0.000338919,0.963536
img_00591.jpg,0.116838,0.00898175,0.000479225,3.43484e-06,0.122022,0.00122131,0.000452279,0.750001
img_00598.jpg,0.00333144,0.0217221,0.00505065,2.17163e-05,0.00779389,0.000447558,4.77342e-06,0.961628
img_00599.jpg,0.0967839,0.0264421,0.000138195,2.05874e-06,0.100915,0.000955668,0.0019572,0.772806
img_00612.jpg,0.16286,0.0262762,0.000361439,0.000101915,0.0899904,0.0388297,0.00507359,0.676507
img_00618.jpg,0.0675939,0.0111225,0.00140458,3.38961e-06,0.796716,0.000208694,6.50065e-05,0.122886
img_00620.jpg,0.195291,0.149423,0.03633,1.94419e-05,0.0146352,0.000898498,0.00125751,0.602146
img_00642.jpg,1.5855e-06,0.000811207,6.10811e-05,0.983165,2.58571e-06,0.0156974,1.9624e-05,0.000241747
img_00646.jpg,5.73519e-05,1.90161e-05,0.915074,1.03389e-11,1.48148e-08,5.95871e-06,5.33239e-09,0.084844
img_00648.jpg,0.682235,0.0655548,0.000112583,6.21837e-07,0.0989157,6.87563e-05,0.000216453,0.152896
img_00650.jpg,0.288071,0.00275187,0.000500966,0.000192852,0.516591,0.10944,9.13505e-05,0.0823609
img_00654.jpg,0.0216071,0.277361,0.489395,0.000824465,0.0529107,0.00805342,0.000619934,0.149228
img_00664.jpg,0.734572,0.0152989,0.000222111,2.85675e-07,0.0312355,5.49933e-05,0.000394328,0.218222
img_00667.jpg,0.000400011,0.00648573,0.000723139,3.46964e-05,0.627178,0.00257067,0.00026886,0.362339
img_00676.jpg,0.000565874,0.0746522,0.00621756,0.00207229,0.175997,0.0147542,0.00133722,0.724404
img_00697.jpg,3.59775e-05,0.0019417,0.0161624,5.85489e-08,1.25949e-05,1.44218e-05,6.97573e-06,0.981826
img_00708.jpg,0.00437208,0.0436596,0.000392666,0.000228511,0.000507545,0.131321,0.0064089,0.813109
img_00716.jpg,0.000439995,0.0250572,0.000892146,8.4756e-06,0.000858448,0.000858573,0.0488788,0.923006
img_00717.jpg,0.149439,0.62224,0.000418343,0.00126306,0.00379287,0.0810811,0.00097653,0.140789
img_00718.jpg,0.575709,0.0490524,0.00106315,0.000126685,0.0217979,0.0260345,0.00149801,0.324719
img_00723.jpg,0.0462933,0.169133,0.00109977,0.000123332,0.497039,0.000799097,0.0036754,0.281837
img_00724.jpg,0.0403849,0.000687262,0.000139547,2.8632e-07,0.00355161,0.00022006,0.0056018,0.949414
img_00726.jpg,0.306205,0.00806997,0.000128878,1.45394e-06,0.508909,0.000176356,0.00282221,0.173687
img_00729.jpg,0.311582,0.0112479,0.000357216,4.0542e-05,0.224743,0.00200031,0.0196791,0.430351
img_00730.jpg,0.00392729,0.0110996,0.00030598,1.00186e-06,0.0249421,0.00035576,0.000771125,0.958597
img_00757.jpg,0.0014927,0.498632,0.412622,0.00248949,0.00119309,0.000981458,0.000709695,0.0818795
img_00760.jpg,0.000715134,0.0057446,2.6293e-05,0.558474,5.50397e-05,0.433887,7.58542e-05,0.00102154
img_00763.jpg,0.00014758,0.000126394,0.000158983,2.23421e-08,0.988427,8.53896e-06,5.34912e-07,0.011131
img_00764.jpg,0.00311722,0.0470588,0.0149595,2.47156e-06,0.13626,5.61133e-05,4.31655e-05,0.798503
img_00765.jpg,0.00736169,0.0552535,0.00219388,0.0745152,0.0149513,0.45467,0.00035127,0.390703
img_00772.jpg,0.00372115,0.00975792,0.173872,3.53428e-06,0.00377261,0.00013966,1.59081e-05,0.808717
img_00773.jpg,0.00164036,0.0161833,0.776362,0.153616,0.00160686,0.0434912,4.04946e-05,0.00706009
img_00777.jpg,0.440366,0.029106,0.000464204,0.00709173,0.217598,0.257731,0.000315573,0.0473268
img_00780.jpg,0.00137579,0.00133358,0.031324,3.02059e-09,2.40353e-06,2.28728e-05,7.95854e-07,0.965941
img_00798.jpg,0.219987,0.043211,0.000494162,9.43442e-05,0.18807,0.0252081,0.000122483,0.522813
img_00808.jpg,0.100107,0.0965032,0.00514047,3.65933e-06,0.0184087,0.000242552,2.39345e-05,0.77957
img_00816.jpg,0.440258,0.0010114,0.000129519,9.58805e-07,0.383365,0.00156676,9.74786e-05,0.173571
img_00828.jpg,1.35146e-05,3.5618e-06,1.77109e-05,1.59567e-08,0.996854,0.000168715,4.09554e-07,0.00294207
img_00833.jpg,5.83247e-05,0.00419253,0.000203544,4.64633e-06,2.01956e-05,0.00452585,0.00222622,0.988769
img_00837.jpg,0.217774,0.0255437,0.00797377,2.29742e-06,0.320234,0.00028632,6.65648e-06,0.428179
img_00855.jpg,0.0253086,0.440826,0.00490678,1.64616e-05,0.0273624,0.00155815,6.1261e-05,0.49996
img_00857.jpg,0.703906,0.00106854,0.000869211,9.45621e-08,0.175872,1.41685e-05,6.34467e-05,0.118207
img_00858.jpg,0.214437,0.000978118,8.50499e-05,1.9078e-06,0.0106223,0.000861548,0.000313474,0.772701
img_00865.jpg,0.00312394,0.975702,5.64674e-06,7.34057e-11,5.6882e-08,2.75312e-05,1.63002e-07,0.0211408
img_00876.jpg,0.00111542,0.0257027,0.0283023,0.00227896,0.644084,0.0141407,0.000582373,0.283794
img_00889.jpg,3.03621e-09,6.01015e-11,0.99998,1.62677e-14,1.46335e-10,3.16794e-08,5.2508e-13,2.02333e-05
img_00894.jpg,0.064584,0.135452,0.0176611,1.92975e-05,0.371215,0.000455337,0.000491109,0.410122
img_00902.jpg,5.75936e-05,0.0201397,1.35552e-07,6.67019e-07,2.27913e-06,2.78305e-05,0.973574,0.00619793
img_00914.jpg,0.0396615,0.0632116,0.0275496,5.82223e-06,0.0431727,0.00016995,8.1607e-05,0.826147
img_00921.jpg,0.188549,0.00368133,0.000705591,4.90231e-07,0.0414376,0.000556379,0.0002195,0.76485
img_00927.jpg,0.0311354,0.00674017,0.000650699,8.17967e-08,0.0227739,4.16546e-05,6.0194e-05,0.938598
img_00943.jpg,0.655259,0.0115312,1.01097e-05,8.67597e-09,0.0206919,1.16976e-05,0.00063933,0.311857
img_00948.jpg,0.00171781,0.000151525,0.000161335,1.24836e-07,0.994608,1.37892e-05,2.22642e-07,0.00334755
img_00950.jpg,0.00247294,0.000103539,0.000151035,1.20245e-06,0.996027,0.000569856,5.59593e-07,0.000673486
img_00959.jpg,0.329853,0.000455764,4.29145e-05,9.81224e-08,0.462165,3.95028e-05,9.25184e-05,0.207351
img_00962.jpg,0.00398969,0.0111268,0.00861375,2.11606e-06,0.00179793,0.000120341,0.000265483,0.974084
img_00964.jpg,0.00348353,0.177613,0.188937,8.33789e-06,0.00019772,0.0022483,7.84857e-05,0.627434
img_00966.jpg,0.0617208,0.00276665,6.81568e-05,9.73459e-08,0.792405,3.0016e-05,0.000151634,0.142858
img_00974.jpg,0.426608,0.202496,0.0012201,0.000518569,0.0498078,0.026784,0.000310196,0.292255
img_00979.jpg,0.000106072,0.000362437,0.817731,5.84797e-08,4.83046e-05,0.000139407,3.01414e-07,0.181612
img_00982.jpg,0.170195,0.223628,0.00228169,2.36256e-05,0.487882,0.00125849,0.000165794,0.114566
img_00985.jpg,0.0197146,0.136829,0.00284607,0.0774466,0.0304038,0.380746,0.00629461,0.345719
img_00999.jpg,0.0442122,0.0186137,0.00037109,2.681e-08,0.0486379,2.39741e-05,0.000120888,0.88802
img_01022.jpg,0.03095,0.847232,0.00436754,0.000833315,0.00643213,0.00262411,0.00148208,0.106079
img_01031.jpg,0.11077,0.0628656,0.0193165,0.000530448,0.646697,0.00514569,0.000855046,0.153819
img_01035.jpg,0.290828,0.00920562,0.000169082,9.51527e-05,0.655181,0.012478,1.69553e-05,0.0320271
img_01043.jpg,0.000776273,0.00038685,0.000117727,1.80818e-06,0.98728,0.000151895,6.29192e-07,0.0112851
img_01058.jpg,0.714229,0.000514784,7.95724e-05,2.32082e-08,0.00110893,5.74059e-05,8.91127e-05,0.283921
img_01059.jpg,0.021523,0.0286473,0.000177168,1.24604e-05,0.00179981,0.00419215,0.0068148,0.936833
img_01090.jpg,0.0305893,0.0903289,0.000580273,9.18344e-06,0.715341,0.00046456,0.000530899,0.162155
img_01102.jpg,0.000820111,0.93486,0.000412459,3.18167e-05,5.72155e-05,0.000352971,0.00122627,0.0622396
img_01103.jpg,0.575962,0.111322,0.000240395,9.14865e-08,0.000696922,2.27689e-05,0.000101898,0.311654
img_01116.jpg,0.653374,0.195277,0.00083305,4.82938e-05,0.0128855,0.00256958,0.000484166,0.134528
img_01134.jpg,0.58359,0.0166907,0.000340018,1.43074e-05,0.00568149,0.00588148,0.00125805,0.386544
img_01142.jpg,0.0390784,0.0465232,0.0726816,0.000221781,0.00692768,0.00585086,0.000899663,0.827817
img_01168.jpg,0.0137137,0.0118926,0.0166564,0.00957227,0.759536,0.126013,1.16475e-05,0.062605
img_01171.jpg,0.000249402,0.0014709,0.00139086,9.81428e-07,0.964001,0.000172586,1.08531e-05,0.0327039
img_01177.jpg,0.161793,0.0939001,0.0459226,0.000370333,0.00831874,0.0077355,0.00379727,0.678163
img_01179.jpg,0.106932,0.198623,0.00360338,0.0121083,0.362649,0.0382576,0.0048331,0.272993
img_01188.jpg,0.000303721,0.00447029,0.000145225,0.301802,0.000871509,0.677473,0.000116117,0.0148186
img_01198.jpg,0.0138646,0.00611283,0.00137268,0.000209574,0.959493,0.00162758,0.000138547,0.0171811
img_01204.jpg,0.000686641,0.0057755,0.000592161,6.60739e-06,0.52102,0.000865944,0.000195712,0.470857
img_01208.jpg,0.000996433,2.66404e-05,4.8643e-05,3.23988e-08,0.998047,1.32557e-05,1.04187e-07,0.000867903
img_01211.jpg,0.365267,0.32628,3.78744e-05,4.06613e-07,0.00446454,6.74442e-05,0.00305986,0.300823
img_01213.jpg,0.0879571,0.336845,0.0025113,0.000119634,0.351408,0.0044023,4.53955e-05,0.216711
img_01222.jpg,0.505405,0.0436017,0.000856891,0.000128924,0.0651973,0.0309918,4.96017e-05,0.353768
img_01224.jpg,0.00134165,0.0104518,0.683872,4.908e-07,0.000308247,0.000199733,7.98407e-06,0.303818
img_01237.jpg,0.0120014,0.00850906,5.99184e-05,9.38232e-06,0.865042,0.00132572,0.000447399,0.112605
img_01249.jpg,0.0167837,0.0049952,0.0146475,9.16565e-05,0.928226,0.00108616,3.53059e-06,0.0341661
img_01253.jpg,3.65046e-05,0.00321793,0.000795493,3.16119e-07,2.51539e-05,9.43774e-05,0.000328172,0.995502
img_01286.jpg,0.129839,0.00194076,0.00117524,4.48705e-05,0.126254,0.00616065,0.000219576,0.734366
img_01289.jpg,0.0328268,0.0150376,9.54734e-05,6.9e-05,0.0514629,0.0334775,0.0105305,0.8565
img_01325.jpg,0.0538628,0.52531,0.000708741,0.00163953,0.109545,0.0124748,0.0183994,0.27806
img_01328.jpg,0.0784232,0.233262,0.00325181,0.000152365,0.352834,0.00447933,5.22661e-05,0.327545
img_01366.jpg,4.78047e-05,1.56608e-06,4.59707e-06,0.000787752,5.55246e-07,0.998904,3.17019e-07,0.000253139
img_01371.jpg,0.246708,0.360225,0.158701,9.15684e-05,0.0214446,0.0042384,0.000140829,0.208449
img_01373.jpg,0.00442033,0.00104495,0.0122483,4.52597e-05,0.973227,0.00159524,7.69756e-07,0.0074178
img_01377.jpg,0.00257143,0.000325758,0.0018762,4.80894e-05,0.986062,0.000754912,1.69508e-06,0.00836034
img_01379.jpg,0.453169,0.0204423,0.00235341,4.36514e-05,0.158389,0.00427858,0.00264779,0.358676
img_01384.jpg,0.291836,0.00454711,0.0551059,0.000125329,0.0210098,0.0966515,2.40047e-05,0.530701
img_01388.jpg,0.108126,0.0496454,0.00203332,3.0096e-05,0.718282,0.00616954,3.24842e-06,0.11571
img_01392.jpg,0.00580672,0.154426,0.418694,3.16284e-05,0.00197135,0.00248427,2.04672e-05,0.416566
img_01399.jpg,0.00460522,0.762841,0.00698038,5.37573e-05,0.000452196,0.000713475,0.00114569,0.223208
img_01404.jpg,0.673461,0.125043,0.000166436,3.23044e-05,0.00756908,0.00411877,0.000773133,0.188836
img_01405.jpg,0.329198,0.0588649,7.33677e-05,0.000193125,0.445884,0.0242031,0.00116708,0.140417
img_01413.jpg,0.0579396,0.00554686,0.00790922,1.34374e-05,0.489575,0.000680151,3.17798e-05,0.438304
img_01426.jpg,0.0236442,0.441309,2.25607e-05,5.69835e-07,0.00018669,2.7878e-05,0.104661,0.430148
img_01431.jpg,0.000434218,0.00737183,2.38462e-05,0.557467,3.45177e-05,0.433608,5.87992e-05,0.0010016
img_01441.jpg,0.000676541,0.00514592,0.00177536,1.45919e-06,0.00100642,0.000227089,0.0034278,0.987739
img_01444.jpg,0.0891021,0.00136213,2.4947e-05,3.33415e-08,0.0018829,0.000242184,5.74515e-05,0.907328
img_01490.jpg,5.89353e-06,0.000168704,0.918576,2.72427e-09,3.97309e-06,1.94545e-06,4.60994e-08,0.0812431
img_01495.jpg,0.0546615,0.00522843,0.00237169,8.92297e-07,0.00266744,0.00028984,2.38003e-06,0.934778
img_01505.jpg,0.00122459,0.00329772,0.00505532,0.000305868,0.803449,0.00479702,0.000586669,0.181284
img_01511.jpg,0.0570022,0.00847247,0.563235,0.00525838,0.0084079,0.27788,9.55053e-06,0.0797336
img_01519.jpg,0.00112511,0.126292,0.000977954,0.00296301,0.00162651,0.216975,0.00664032,0.6434
img_01530.jpg,0.00720429,0.00519356,0.000720278,1.14879e-06,0.92277,9.58965e-05,4.45699e-05,0.0639704
img_01537.jpg,0.217409,0.026652,0.0506246,9.09329e-05,0.0867785,0.00429301,0.000385021,0.613767
img_01538.jpg,0.138192,0.804632,5.89735e-05,0.000131962,0.0102324,0.0102549,0.000232605,0.0362654
img_01541.jpg,0.000927719,0.000398373,0.00147725,7.05183e-06,0.967271,0.000873639,7.81653e-05,0.0289669
img_01543.jpg,0.0778946,0.0123207,0.00339732,4.26274e-05,0.732811,0.00263975,5.24785e-05,0.170842
img_01548.jpg,0.477823,0.00101619,9.64436e-05,9.60818e-07,0.122397,0.00263218,0.000226854,0.395808
img_01552.jpg,0.663968,0.00276729,0.000595413,4.0386e-07,0.101587,6.78038e-05,0.000234956,0.23078
img_01561.jpg,0.000208869,2.6812e-06,1.41773e-05,2.53156e-09,0.999581,2.2808e-06,1.9337e-09,0.000190589
img_01562.jpg,0.0044622,0.00560207,1.53709e-05,1.24932e-06,0.000505948,0.00277266,0.0676671,0.918973
img_01571.jpg,0.226279,0.00799459,0.000811545,1.44248e-06,0.258877,0.000124378,0.00202653,0.503885
img_01593.jpg,0.271191,0.0448325,0.000458929,1.57581e-06,0.0022279,0.00203176,0.000205571,0.67905
img_01595.jpg,7.05791e-06,8.13307e-08,8.74152e-08,3.26013e-11,0.99898,5.12022e-07,2.38737e-09,0.00101246
img_01616.jpg,0.399483,0.0247967,3.22085e-05,3.90797e-07,0.0491908,0.000149662,0.0128978,0.51345
img_01618.jpg,0.459175,0.0876496,0.000117336,2.05987e-05,0.0351117,0.0106497,0.000375282,0.406901
img_01627.jpg,0.846921,0.0341957,9.3972e-05,6.84437e-06,0.000244386,0.0100685,7.17525e-05,0.108398
img_01632.jpg,0.492803,0.000876168,0.000221617,3.18001e-07,0.356499,0.000262384,5.72324e-05,0.149281
img_01633.jpg,0.08694,0.0335228,0.000854747,1.67697e-05,0.00861192,0.0101426,0.00305456,0.856857
img_01640.jpg,0.757579,0.0398193,5.95722e-05,1.6573e-07,0.087256,2.32076e-05,0.000235785,0.115027
img_01646.jpg,0.423939,0.0643344,0.000202134,0.000141797,0.191231,0.007105,0.00502596,0.308021
img_01647.jpg,0.00313364,6.15425e-05,7.2344e-06,6.56143e-09,0.992446,5.15744e-06,6.0268e-07,0.00434596
img_01649.jpg,0.0142871,0.000190539,1.04634e-05,3.41433e-06,0.968843,0.000401805,2.56271e-05,0.0162381
img_01657.jpg,0.000290444,0.0173773,0.442321,1.04478e-06,0.000783116,2.50717e-05,1.21579e-05,0.53919
img_01669.jpg,0.00011633,0.00210408,1.70876e-05,0.652623,2.81768e-05,0.344568,1.09572e-05,0.0005315
img_01673.jpg,0.163786,0.0110389,0.000116615,5.13586e-06,0.639628,0.000380799,0.00282174,0.182223
img_01681.jpg,0.390798,0.00955211,0.000604205,2.39788e-07,0.0523925,0.000123301,3.91215e-05,0.54649
img_01684.jpg,0.101944,0.11442,0.0307224,0.000254549,0.154881,0.00591391,7.54567e-05,0.591788
img_01685.jpg,0.479402,0.0154484,0.0398623,0.000202154,0.153999,0.0259527,1.357e-05,0.28512
img_01687.jpg,0.000255198,0.0101396,0.000131652,3.21558e-07,7.96222e-05,0.00010694,0.000884751,0.988402
img_01688.jpg,0.131571,0.0133338,0.000175643,0.000138466,0.0206823,0.0782171,0.001374,0.754507
img_01689.jpg,0.0211857,0.00416857,0.451863,5.03178e-07,0.00663455,0.000397,2.03731e-06,0.515748
img_01716.jpg,0.000158849,0.000384257,0.00198523,4.90036e-07,0.985801,0.000177098,2.0519e-06,0.0114908
img_01717.jpg,0.0531706,0.0461326,0.000363737,2.03545e-05,0.715022,0.000462927,0.000739844,0.184088
img_01724.jpg,0.167902,0.0315754,0.0494123,0.000104528,0.40294,0.004873,0.000110771,0.343082
img_01745.jpg,0.00714148,0.0274325,0.224183,0.157087,0.00209756,0.484901,0.000118962,0.097038
img_01771.jpg,0.405041,0.228283,0.00356861,1.61444e-05,0.0226684,0.00146462,4.07111e-05,0.338918
img_01773.jpg,0.0182497,0.0577573,7.27566e-06,1.75394e-06,0.000278077,0.00291236,0.313642,0.607152
img_01781.jpg,0.0271922,0.000505269,0.000203441,0.000321833,0.934833,0.00813314,2.46792e-05,0.0287867
img_01782.jpg,4.63918e-14,7.84411e-20,1.38963e-23,2.78023e-24,1.0,1.45434e-14,1.75359e-20,1.53013e-08
img_01802.jpg,0.0420982,0.00233863,0.000266328,5.34558e-06,0.927289,0.000177818,0.000105626,0.0277188
img_01803.jpg,1.18641e-08,1.75354e-06,0.999774,2.37643e-11,3.31402e-08,1.03425e-07,1.31068e-10,0.000224287
img_01824.jpg,0.154817,0.0447785,0.00201723,0.000131101,0.0666805,0.0234171,0.00159236,0.706566
img_01825.jpg,0.0237126,0.883062,0.00791878,0.000438794,0.0378379,0.00166762,0.000321916,0.0450402
img_01831.jpg,0.313012,0.0225371,0.00291167,0.000269213,0.112004,0.00632602,0.00855071,0.53439
img_01834.jpg,0.0798747,0.050154,0.120812,3.45694e-06,0.0236886,0.000284937,7.17239e-05,0.725111
img_01847.jpg,0.0153197,0.167423,0.000602665,5.09288e-06,0.000516054,0.0019243,9.09022e-05,0.814118
img_01853.jpg,0.00978174,0.0167531,0.000914626,1.80613e-07,0.0131459,4.20636e-05,0.000123026,0.959239
img_01856.jpg,0.721259,0.00633582,0.000155734,2.2795e-06,0.24975,0.000162386,3.89923e-05,0.0222957
img_01860.jpg,0.550034,0.0056019,0.000601932,3.05778e-06,0.0779465,0.00483311,2.5356e-05,0.360954
img_01862.jpg,0.269549,0.0277517,0.0455888,0.000102659,0.396023,0.00403971,0.000144468,0.2568
img_01874.jpg,0.0622036,0.00342484,0.000128785,1.24953e-06,0.228109,0.000486479,0.00189229,0.703754
img_01888.jpg,0.00157187,0.107672,0.00772991,0.105569,0.00648591,0.13561,0.000348689,0.635012
img_01918.jpg,0.010166,0.400302,0.015476,0.011084,0.00288084,0.0291629,0.00149181,0.529437
img_01930.jpg,0.149704,0.472249,0.0263794,0.0150279,0.030186,0.0684859,0.0190529,0.218915
img_01932.jpg,0.819974,0.0121622,1.00794e-05,1.89733e-06,0.0254714,0.00328842,0.000235796,0.138857
img_01955.jpg,6.81454e-05,0.000297299,0.000331324,7.90616e-09,9.54089e-05,4.49294e-06,0.000125246,0.999078
img_01963.jpg,0.80867,0.0173554,0.00151639,2.40377e-06,0.0428677,0.000169826,0.000199446,0.129219
img_01966.jpg,0.626532,0.10892,0.000234047,1.37441e-05,0.00131337,0.00188577,0.000248407,0.260853
img_01976.jpg,0.849917,0.00888939,6.97203e-05,7.19989e-08,0.0015707,4.46541e-05,0.000208251,0.139301
img_01983.jpg,0.205233,0.00244626,0.0796456,2.49494e-06,0.388866,0.000761591,6.7916e-06,0.323039
img_01984.jpg,0.0304166,0.0745799,0.00203836,1.92212e-08,1.51033e-05,6.53355e-05,2.45769e-06,0.892882
img_01995.jpg,0.001035,0.139492,0.0349114,0.0013172,0.0663955,0.00702178,2.2797e-05,0.749804
img_01996.jpg,0.103047,0.0231887,0.00322143,0.00796719,0.0124496,0.672229,0.00397155,0.173925
img_02001.jpg,0.22266,0.00277679,0.000394382,4.14969e-06,0.292512,0.00393251,0.000261491,0.477458
img_02006.jpg,0.00959663,0.172334,0.707115,0.000635842,0.00946183,0.00159031,3.42693e-05,0.0992324
img_02066.jpg,0.124319,0.0495625,0.0398141,0.000302604,0.442081,0.0119225,0.00143256,0.330566
img_02074.jpg,0.21216,0.148164,0.00277275,0.000767961,0.0159595,0.0350081,0.00811189,0.577055
img_02076.jpg,0.00172542,0.899628,0.00021222,0.000322658,0.000313545,0.000528224,0.00777061,0.089499
img_02077.jpg,0.436691,0.0215111,0.00439948,0.00527679,0.00704376,0.262742,0.00344281,0.258893
img_02078.jpg,0.0254413,0.00297122,0.0096992,2.36172e-07,0.110259,1.7671e-05,4.59782e-05,0.851566
img_02082.jpg,0.0525433,0.00743849,1.0434e-05,7.81919e-07,0.781674,0.00061133,0.0070918,0.15063
img_02083.jpg,0.00139941,4.84068e-05,1.14273e-05,9.26524e-07,0.993643,0.000172816,1.18841e-06,0.00472307
img_02096.jpg,0.32323,0.0010732,0.000634656,1.17223e-06,0.0782217,0.000212197,0.00022561,0.596401
img_02119.jpg,0.00133297,0.00475872,0.919243,0.000306692,0.000505815,0.00468431,2.85187e-05,0.0691402
img_02124.jpg,0.241692,0.0121863,0.00157745,0.00382675,0.04001,0.591777,0.00133013,0.107601
img_02135.jpg,0.00119221,2.52105e-05,2.74189e-06,8.16731e-08,0.99608,2.00057e-05,1.45171e-06,0.0026782
img_02146.jpg,0.141787,0.447955,0.00217358,9.50369e-05,0.291588,0.00149222,0.00113512,0.113775
img_02159.jpg,0.00392204,0.000488559,0.000848276,1.75878e-06,0.976171,3.07685e-05,2.0987e-06,0.0185357
img_02172.jpg,0.247762,0.0121116,0.0339835,7.6459e-05,0.223505,0.00316305,0.000235315,0.479162
img_02180.jpg,0.141642,0.302674,0.0302928,0.00127843,0.0263131,0.0371982,0.0011402,0.459461
img_02188.jpg,0.00246532,0.0479956,0.000133499,3.62468e-06,0.000745695,0.00030622,0.0399465,0.908404
img_02194.jpg,0.153437,0.0130921,0.000327622,1.26609e-06,0.631213,0.00015538,0.000130962,0.201643
img_02209.jpg,0.224002,0.0234827,0.00308267,0.00656672,0.157016,0.416361,0.00240269,0.167087
img_02216.jpg,0.0226165,0.273689,0.00530687,5.35289e-05,0.00600824,0.0484152,0.000145338,0.643766
img_02231.jpg,0.0451756,0.0101822,0.000228775,0.00089228,0.782423,0.0443525,7.93629e-05,0.116666
img_02235.jpg,0.00643986,0.101735,0.00442302,0.00110451,0.499221,0.00820134,3.23616e-05,0.378844
img_02252.jpg,0.707403,0.000110796,0.000183753,6.25346e-09,0.0973029,2.35432e-06,3.96551e-06,0.194993
img_02268.jpg,0.20123,0.417479,0.00787562,0.00489042,0.00284381,0.0420615,0.00921357,0.314407
img_02270.jpg,0.0325012,0.0730961,0.0398211,0.000749802,0.0441859,0.00563416,0.00692124,0.79709
img_02281.jpg,0.00158315,0.013832,0.00591436,0.895229,0.0328603,0.0369391,0.000111001,0.0135313
img_02282.jpg,0.00142121,0.00185713,0.00441098,1.09364e-07,5.97528e-05,8.13294e-05,8.98853e-06,0.99216
img_02285.jpg,0.0710431,6.71783e-05,1.15944e-05,3.38832e-08,0.897924,1.15477e-05,1.90859e-05,0.0309234
img_02291.jpg,0.728696,0.000199065,8.06923e-05,2.37427e-08,0.0243855,2.6901e-05,0.000130998,0.246481
img_02299.jpg,0.293405,0.0385217,0.000349555,3.17582e-05,0.191044,0.00380241,0.000180736,0.472665
img_02305.jpg,0.000282322,0.049756,0.0253022,0.00344977,0.012572,0.00849417,9.32183e-06,0.900134
img_02307.jpg,0.00572796,0.0264696,0.0012705,0.00183032,0.00746775,0.139202,0.00338491,0.814647
img_02309.jpg,0.694137,0.0105105,1.45269e-05,1.52599e-08,0.248765,5.4759e-06,3.70249e-05,0.0465304
img_02318.jpg,0.00735568,0.00253041,0.00238103,1.85012e-06,0.000338678,0.000556601,3.69544e-05,0.986799
img_02347.jpg,0.00554334,0.00548715,0.00482057,0.000370006,0.969891,0.00135031,3.68746e-05,0.0125008
img_02356.jpg,0.0139847,0.00436185,0.00088099,4.00323e-06,0.0420267,0.000340603,0.000222336,0.938179
img_02367.jpg,0.00776901,0.000182662,7.05376e-06,1.62936e-06,0.980087,0.000204423,5.37321e-06,0.0117432
img_02372.jpg,0.000401488,3.9475e-06,0.000174081,3.87141e-08,0.999005,0.000313806,1.38499e-09,0.000101802
img_02379.jpg,0.0748235,0.000889913,0.00322537,6.39192e-08,0.0280212,1.04811e-05,1.28271e-05,0.893017
img_02384.jpg,0.000905477,0.0466747,0.000109764,9.5208e-07,0.00628658,0.000239338,0.0411462,0.904637
img_02398.jpg,0.095121,0.0632507,0.0912939,0.0034627,0.024348,0.45557,3.37789e-05,0.26692
img_02400.jpg,0.0290865,0.055061,0.775769,0.00109078,0.00271171,0.0359821,0.000130944,0.100168
img_02406.jpg,0.0583408,0.00658701,0.00184167,0.00916548,0.00104375,0.85888,0.000651402,0.06349
img_02412.jpg,0.339332,0.00382229,0.000116612,1.69694e-07,0.00524676,0.000142713,0.000304497,0.651035
img_02416.jpg,0.0820938,0.0348683,0.00151898,1.48674e-05,0.804574,0.000750761,7.28803e-05,0.0761062
img_02422.jpg,0.00139089,0.303483,0.000560777,0.00268426,0.002172,0.0296864,0.0281207,0.631902
img_02479.jpg,6.56964e-05,1.11005e-06,1.99938e-05,7.1822e-09,0.999588,1.90826e-06,2.28565e-09,0.000323687
img_02486.jpg,0.060229,0.680088,0.0795213,9.76923e-05,0.00846738,0.005841,3.75008e-05,0.165718
img_02487.jpg,0.442877,0.00685287,1.12825e-05,4.55141e-08,0.0241421,8.3225e-05,0.00139436,0.524639
img_02507.jpg,0.104401,0.0140935,0.236457,0.000636029,0.143701,0.284411,7.11183e-06,0.216294
img_02522.jpg,0.0180645,0.935084,0.000142027,0.00262949,0.00053411,0.0250374,0.000747307,0.017761
img_02540.jpg,0.258821,0.00379402,0.277578,0.000474186,0.113902,0.120789,1.59085e-06,0.224642
img_02546.jpg,0.0508618,0.0623372,0.000631986,7.74256e-05,0.0125461,0.0201091,0.0025374,0.850899
img_02556.jpg,0.086019,0.0273498,0.000185952,1.25185e-08,0.0010227,8.6464e-06,0.000226471,0.885187
img_02560.jpg,0.000317851,2.53043e-05,3.45455e-06,1.04488e-08,0.996243,3.9591e-06,9.3795e-08,0.0034063
img_02563.jpg,9.08357e-05,3.84576e-06,0.000100442,6.1715e-09,0.999683,9.70337e-06,8.84144e-10,0.0001119
img_02565.jpg,0.0436227,0.0241194,0.000608591,0.000487173,0.0178663,0.252469,0.0049213,0.655906
img_02573.jpg,0.0578831,0.0416443,0.0015666,5.82747e-06,0.859741,0.000397923,1.66055e-05,0.0387449
img_02574.jpg,0.205961,0.0144553,0.000507019,2.51166e-05,0.0436575,0.00352122,0.000445562,0.731427
img_02602.jpg,0.157966,0.0933195,0.00030144,5.11071e-06,0.335546,0.000665684,0.000378694,0.411817
img_02607.jpg,0.169178,0.00422249,0.00492849,3.56657e-06,0.23202,0.000763295,4.83358e-05,0.588836
img_02622.jpg,0.0782022,0.00834305,0.000230968,6.81955e-07,0.0230736,0.000903053,0.000819766,0.888427
img_02625.jpg,0.243251,0.0126289,0.00291474,0.00605811,0.0339025,0.622555,0.000213774,0.0784754
img_02636.jpg,0.757402,0.00185621,6.17066e-06,5.84634e-09,0.00111337,8.31993e-06,0.00150195,0.238112
img_02638.jpg,0.0709581,0.0819431,0.00457491,0.000780846,0.163397,0.0137877,6.86269e-05,0.664489
img_02641.jpg,0.148561,0.174488,0.0853419,0.000313443,0.00470029,0.00860828,0.00485408,0.573133
img_02646.jpg,0.0013488,0.014433,0.00200033,2.5194e-05,0.00357682,0.000961226,4.77524e-05,0.977607
img_02648.jpg,2.55347e-06,3.54467e-07,0.999026,2.08536e-10,3.70351e-08,1.0695e-05,3.19871e-10,0.000960358
img_02651.jpg,0.0185993,0.000592013,0.000635521,2.20411e-06,0.95778,0.00029906,8.3844e-06,0.0220837
img_02656.jpg,0.591819,0.195527,0.000553891,2.80101e-05,0.0169618,0.00325571,9.84077e-05,0.191756
img_02666.jpg,0.313711,0.00257288,0.000191798,2.73809e-07,0.212097,0.000259489,0.000298042,0.47087
img_02679.jpg,0.0213475,0.160548,0.00252571,0.000107724,0.0153999,0.00274001,0.00197593,0.795356
img_02687.jpg,0.0299496,0.00330047,0.00312384,2.99136e-06,0.00519064,0.00050535,0.000147799,0.957779
img_02699.jpg,0.0587436,0.00135686,2.29162e-05,4.28838e-08,0.0104507,6.44766e-05,0.00212453,0.927237
img_02702.jpg,0.520646,0.00101984,0.000175726,1.41307e-07,0.197925,6.34296e-05,0.000268925,0.279901
img_02703.jpg,0.0268969,0.425327,0.00200829,9.33423e-06,0.0720579,0.000421436,0.000153047,0.473126
img_02709.jpg,0.0147844,0.405636,0.178843,0.00137628,0.00695924,0.00259434,0.00156568,0.388241
img_02726.jpg,0.186098,0.00488171,0.0815206,2.55061e-05,0.40915,0.00377542,4.24242e-05,0.314506
img_02733.jpg,0.408304,0.116838,0.0189759,0.00767517,0.0356324,0.0665286,0.0107666,0.335279
img_02734.jpg,0.0304495,0.0122054,0.000335584,0.00136798,0.273061,0.222005,0.000242226,0.460333
img_02739.jpg,0.75382,0.0190148,2.00458e-05,2.33894e-08,0.156348,7.2655e-06,5.78745e-05,0.0707315
img_02749.jpg,0.403923,0.0254573,0.00241734,0.000530879,0.380742,0.00957168,0.00147842,0.17588
img_02759.jpg,0.00984042,0.00154713,0.100596,3.29626e-08,4.61285e-06,0.000410323,1.4229e-06,0.887601
img_02764.jpg,0.235516,0.0256141,0.000220018,7.93495e-06,0.512652,0.00107846,0.000309618,0.224602
img_02766.jpg,0.939922,3.80594e-06,2.37985e-06,2.00976e-09,0.00817953,1.73942e-05,1.87388e-07,0.0518747
img_02769.jpg,0.00192162,0.00123189,0.0363721,2.35979e-08,3.48611e-06,0.000112429,2.71235e-06,0.960356
img_02771.jpg,0.0819922,0.688068,0.000779299,2.66568e-05,0.000578086,0.000756229,0.000294024,0.227505
img_02789.jpg,0.0403986,0.00149833,6.94862e-06,2.28306e-07,0.899417,0.000145214,0.00119237,0.0573414
img_02799.jpg,0.946491,0.00244102,1.56061e-06,6.26862e-09,0.0257661,4.24422e-06,0.000124593,0.0251714
img_02808.jpg,0.151522,0.0884669,0.00620905,0.00982415,0.0623824,0.161092,0.00448637,0.516017
img_02811.jpg,0.444253,0.0180698,0.00214816,2.07265e-05,0.0590948,0.00266847,0.00129898,0.472446
img_02830.jpg,2.44801e-05,0.0738232,0.000418001,0.000175287,0.00020396,0.0179505,0.506904,0.400501
img_02834.jpg,0.00892645,0.0787963,0.000175881,1.8045e-06,0.00158806,0.000519444,0.00291449,0.907078
img_02837.jpg,0.451081,0.409645,3.15967e-05,3.66563e-06,0.00292356,0.000152956,0.00947382,0.126688
img_02838.jpg,0.0260438,0.0244709,0.397821,0.000251157,0.0945646,0.00205493,0.000166257,0.454627
img_02842.jpg,0.194459,0.0156801,0.00141202,0.00197747,0.446934,0.145077,0.00319422,0.191266
img_02857.jpg,0.024534,0.563807,0.000968063,0.00116115,0.0424858,0.00561694,0.0219036,0.339523
img_02865.jpg,0.000721832,0.0278051,0.00136533,9.42575e-05,0.339198,0.00311047,0.000455131,0.62725
img_02871.jpg,1.07581e-05,0.0776137,0.000853635,5.77568e-06,0.000174134,0.000808009,0.288574,0.63196
img_02876.jpg,0.019544,0.0329909,0.0650081,2.24748e-06,0.0168482,0.000558598,5.9875e-05,0.864988
img_02889.jpg,0.00288885,0.369763,0.322986,0.0399893,0.00192388,0.010789,0.00485212,0.246808
img_02890.jpg,0.000368392,8.58403e-06,3.20385e-05,0.00123468,5.94326e-06,0.997012,1.30316e-06,0.0013367
img_02899.jpg,0.173617,0.0146518,0.0103942,0.000760061,0.500157,0.00569289,0.00105056,0.293677
img_02904.jpg,0.0196577,0.0412294,0.691917,0.00739967,0.137156,0.00152831,0.00219737,0.0989139
img_02911.jpg,0.00308143,0.0419466,0.00900894,0.825921,0.0594846,0.0131031,0.0017293,0.0457256
img_02916.jpg,0.0773481,0.0256777,0.022262,0.000546804,0.694272,0.00605257,0.00117286,0.172668
img_02920.jpg,0.933621,0.0271743,1.47979e-05,3.13918e-08,0.000292462,7.0758e-05,3.29302e-06,0.0388238
img_02943.jpg,0.416238,0.0142506,0.000656421,0.000118376,0.00198912,0.0234777,0.00789196,0.535378
img_02949.jpg,0.0223753,0.0894968,0.412113,0.00290365,0.00733382,0.00558473,0.000884,0.459309
img_02954.jpg,0.0541648,0.575688,0.00032378,6.45762e-06,0.037311,0.00591155,0.00201192,0.324583
img_02956.jpg,0.500487,0.000330034,5.08513e-05,1.60261e-09,3.00974e-05,6.09017e-05,8.34798e-06,0.499033
img_02964.jpg,0.00104486,0.000855891,0.0332523,5.99881e-07,0.00131869,0.000102112,1.29508e-05,0.963413
img_02974.jpg,0.715211,0.00233415,1.39368e-05,9.04443e-09,0.0515212,8.27873e-06,0.000339314,0.230572
img_02977.jpg,0.0269438,0.763652,0.000277095,2.22887e-05,0.0117667,0.000488481,0.00336436,0.193485
img_02993.jpg,0.000713955,3.4149e-05,0.712032,1.14815e-10,5.95738e-08,3.3291e-05,1.63776e-08,0.287186
img_03014.jpg,0.000509385,0.000352441,0.000405156,9.87644e-07,0.985992,0.000175213,3.91163e-06,0.0125607
img_03043.jpg,0.0105951,0.00920893,0.0878226,1.18685e-06,0.00152113,0.000544409,1.47471e-05,0.890292
img_03055.jpg,0.545037,0.0840427,8.13231e-05,9.80903e-06,0.000711576,0.00815808,0.00125211,0.360707
img_03064.jpg,0.332262,0.0194452,0.00161251,2.40836e-06,0.0658882,0.00350855,0.000460437,0.57682
img_03069.jpg,0.00681042,0.0204638,0.000887197,7.27697e-07,0.00105405,0.000102755,0.000324689,0.970356
img_03074.jpg,0.325025,0.0667011,0.000123273,0.000221974,0.248532,0.0272567,0.00301202,0.329128
img_03078.jpg,0.165031,0.24905,0.00132881,0.000459749,0.00119612,0.0676475,0.000155079,0.515132
img_03080.jpg,0.681628,0.000858448,0.000219736,5.04333e-08,0.0300929,9.49966e-06,3.37198e-05,0.287157
img_03082.jpg,0.000579902,0.989412,4.37328e-06,8.91454e-07,2.06189e-06,1.01521e-06,0.0021462,0.00785332
img_03087.jpg,0.00334465,2.73663e-05,3.70075e-06,1.876e-08,0.9948,5.87062e-06,8.6721e-08,0.00181803
img_03116.jpg,7.7062e-05,8.68007e-05,0.0001882,7.07195e-08,0.994732,2.11223e-05,6.70338e-07,0.00489429
img_03128.jpg,0.122443,0.00121352,8.50333e-05,2.61556e-09,0.0197299,1.4417e-05,2.66404e-05,0.856487
img_03135.jpg,0.0315064,0.00195825,0.000242098,3.94828e-09,0.000672555,5.30462e-06,1.92288e-05,0.965596
img_03140.jpg,0.180612,0.118844,0.000351453,2.16534e-06,0.286144,0.000567529,0.000197555,0.413281
img_03166.jpg,0.0403625,0.00143789,0.000424707,5.74873e-06,0.927698,0.000162355,6.47089e-05,0.0298441
img_03169.jpg,0.000424788,0.00209896,0.172401,6.30503e-08,0.000286244,2.29593e-05,2.14563e-06,0.824764
img_03181.jpg,0.146461,0.310247,0.00653065,2.88405e-05,0.433056,0.00315771,5.09447e-06,0.100514
img_03195.jpg,0.208281,0.018753,0.000487865,1.03179e-06,0.0894076,0.000689858,8.1955e-05,0.682298
img_03199.jpg,0.398139,0.0107112,0.00070555,3.95916e-06,0.0322188,0.00591876,0.000337287,0.551966
img_03210.jpg,0.00833687,0.00483851,0.186408,6.23048e-06,0.0217368,0.00043214,2.76112e-05,0.778214
img_03220.jpg,0.600142,0.0285107,2.49233e-05,2.10497e-06,0.278757,0.00117173,0.000356739,0.0910352
img_03222.jpg,0.601522,0.105718,0.000183039,0.000167624,0.0541469,0.0682467,0.000404518,0.169611
img_03223.jpg,0.272433,0.578544,8.21214e-05,2.37617e-06,0.00459145,0.000119411,0.00528276,0.138946
img_03228.jpg,0.0108786,0.0042503,0.000994087,4.19545e-06,0.00262832,0.000428305,3.61785e-06,0.980813
img_03229.jpg,0.00258482,0.141619,0.000338423,7.95311e-07,0.000770487,0.000143836,0.101402,0.753141
img_03231.jpg,0.010577,0.037001,0.149187,0.000552376,0.0110876,0.00832674,0.000549078,0.782719
img_03238.jpg,0.106778,0.196752,0.000237091,0.000270932,0.00354663,0.0199137,0.028362,0.64414
img_03239.jpg,0.000258892,0.0468533,6.18756e-07,1.58343e-06,1.43094e-05,4.61412e-05,0.940275,0.0125501
img_03252.jpg,0.435156,0.00033145,0.000528666,3.48179e-08,0.00886029,2.41079e-05,9.29678e-05,0.555007
img_03254.jpg,0.313356,0.0370817,0.0100507,0.00457337,0.10884,0.276193,0.00177301,0.248132
img_03260.jpg,0.713015,0.0219146,0.00107822,2.17511e-05,0.012901,0.00268732,0.00286262,0.245519
img_03261.jpg,0.0249758,0.657096,0.178565,0.00160294,0.0079592,0.00399485,0.000928601,0.124877
img_03270.jpg,0.00268122,0.00358043,0.00170673,1.62004e-05,0.00307496,0.00161073,7.18888e-05,0.987258
img_03283.jpg,0.109045,0.0905399,0.0026655,1.48078e-05,0.00146698,0.00272691,0.000262816,0.793278
img_03290.jpg,0.135496,0.0016228,0.000149005,1.84975e-07,0.0228438,0.000260166,0.000143773,0.839484
img_03297.jpg,0.17194,0.128691,0.09989,2.4834e-05,0.0368632,0.00102381,0.000311187,0.561256
img_03310.jpg,0.171239,0.469689,9.01439e-05,0.00182544,0.00601055,0.274745,0.000714877,0.0756857
img_03312.jpg,0.457244,0.0345041,2.85841e-05,1.32132e-06,0.000458986,0.00444338,0.000161012,0.503158
img_03324.jpg,0.00772968,0.0191395,0.7056,2.59461e-07,0.000535996,0.000225574,1.04252e-05,0.266759
img_03333.jpg,0.502231,0.0120674,0.00102143,3.13981e-05,0.181721,0.00976261,0.000267023,0.292898
img_03342.jpg,0.00666923,0.0901116,0.00345469,1.04468e-05,0.0124648,0.00435992,0.000131796,0.882798
img_03346.jpg,0.0604356,0.83685,0.000445029,4.46718e-05,0.0106202,0.00248067,9.66873e-05,0.0890272
img_03355.jpg,0.00374457,0.00550683,1.05097e-05,4.09563e-07,0.000527014,0.0012135,0.149108,0.83989
img_03361.jpg,0.0829808,0.841533,0.00122641,5.65967e-06,0.000466158,0.000120771,0.00196909,0.071698
img_03370.jpg,0.1402,0.0131681,0.000316313,1.48982e-07,0.0510409,0.000137345,0.000117447,0.79502
img_03399.jpg,0.454942,0.0776597,0.00117858,0.00255297,0.228202,0.112618,0.000248431,0.122598
img_03410.jpg,0.0109215,0.00286716,0.00110934,2.75989e-06,0.976793,0.000148657,2.42847e-06,0.00815528
img_03422.jpg,0.209879,0.0776728,0.00705577,0.0067425,0.0348963,0.211577,0.00678362,0.445393
img_03426.jpg,0.335212,0.00784808,0.00537635,1.76973e-06,0.0155127,0.000214951,9.80231e-05,0.635737
img_03439.jpg,0.365933,0.0413137,0.00409394,0.000229071,0.0462938,0.00356056,0.00368773,0.534889
img_03440.jpg,0.000404233,0.00213808,0.154714,7.69431e-08,2.45266e-05,0.000200112,3.14239e-06,0.842516
img_03444.jpg,0.858369,0.00198242,2.06501e-05,4.46301e-08,0.0220402,1.53948e-05,0.000359884,0.117213
img_03445.jpg,0.094315,0.00222689,0.00017877,8.0123e-08,0.512488,1.97285e-05,0.000183415,0.390589
img_03446.jpg,0.000109963,0.0358225,0.709337,2.23854e-06,6.19675e-05,0.000380307,1.61894e-05,0.25427
img_03452.jpg,0.0502246,0.595234,5.35507e-05,2.87319e-08,2.79114e-05,1.33485e-05,0.000293188,0.354154
img_03454.jpg,0.28991,0.00335736,0.000138843,1.8952e-05,0.648403,0.000792757,0.00122597,0.0561536
img_03456.jpg,0.000451323,0.000325265,0.000660537,1.34454e-06,0.984412,0.000226723,9.21656e-06,0.0139134
img_03457.jpg,0.458666,0.158195,0.0232495,0.000476943,0.0276222,0.0109856,0.00195945,0.318845
img_03471.jpg,0.00440516,0.107026,0.0483641,0.0721223,0.013537,0.106697,0.000818239,0.64703
img_03475.jpg,0.00200927,3.93659e-05,8.43217e-05,1.10245e-08,0.993641,2.74103e-06,7.9123e-08,0.00422357
img_03488.jpg,0.715113,0.100798,0.000253807,4.51975e-05,0.00474106,0.0189409,0.000145836,0.159962
img_03490.jpg,0.0533283,0.0221397,0.000849891,8.08199e-06,0.879137,0.000462025,2.4094e-05,0.044051
img_03502.jpg,0.00851664,0.0258267,0.00139048,7.3261e-07,0.244889,0.000167512,0.000201241,0.719007
img_03504.jpg,0.105495,0.0867684,0.00298162,9.20789e-05,0.726306,0.0104983,2.19826e-06,0.0678564
img_03520.jpg,0.136046,0.0681151,0.0188526,0.000131233,0.522398,0.00396812,0.000650142,0.249839
img_03527.jpg,0.000298411,0.00284734,0.038528,3.57669e-07,0.000259265,5.07836e-05,6.36346e-06,0.958009
img_03547.jpg,0.264166,0.5222,0.000262038,0.00180181,0.0299132,0.05432,0.00286244,0.124475
img_03548.jpg,0.0201919,0.0475518,0.000387251,3.96507e-06,0.00659271,0.000909856,0.0056812,0.918681
img_03554.jpg,0.905142,0.0116145,4.06543e-06,1.45841e-08,0.023817,5.95327e-06,0.000337416,0.0590792
img_03563.jpg,0.00757998,0.960248,0.000108119,7.97675e-06,0.000205779,5.30244e-06,0.00140688,0.0304381
img_03581.jpg,0.286801,0.0845765,0.00264259,0.000422903,0.0419465,0.00587473,0.0176216,0.560114
img_03584.jpg,0.000509956,0.020249,0.0331896,1.24962e-06,0.00151791,2.85983e-05,4.18244e-05,0.944462
img_03587.jpg,0.0450919,0.0205116,0.000213796,2.01696e-05,0.0046158,0.0110006,0.00174893,0.916797
img_03588.jpg,0.0719001,0.00450148,0.000597639,0.00541536,0.00617894,0.877057,0.000207482,0.0341421
img_03602.jpg,0.215785,0.0195983,0.00353727,0.00166654,0.421325,0.145851,0.00208943,0.190147
img_03627.jpg,0.761924,8.24311e-05,7.76204e-05,4.05367e-09,0.00135048,1.85761e-05,2.24262e-05,0.236525
img_03628.jpg,0.934473,0.00285689,0.000128523,1.5554e-07,0.0340038,4.21085e-05,1.20494e-05,0.0284839
img_03652.jpg,0.283853,0.0163058,0.000973959,1.17154e-05,0.45305,0.000784954,0.000120544,0.2449
img_03670.jpg,0.627924,0.00461563,0.000436862,1.22352e-05,0.0765828,0.000565545,0.00285326,0.287009
img_03674.jpg,0.00695113,0.00024961,0.000105792,3.63579e-06,0.986003,0.000137353,1.11164e-06,0.00654818
img_03677.jpg,0.470219,0.238221,0.00179586,8.88141e-06,0.010757,0.00165415,6.06695e-05,0.277283
img_03711.jpg,0.0651314,0.498379,0.121923,0.00409578,0.00293621,0.0482386,0.00390677,0.255389
img_03715.jpg,0.0108713,0.00597027,0.00114063,0.0843994,0.0361262,0.583907,0.000658301,0.276926
img_03718.jpg,0.598266,0.0739654,0.00165417,0.000115423,0.0132908,0.0098882,0.00199137,0.300828
img_03726.jpg,0.000348627,0.085043,0.0236537,0.00156342,0.0107913,0.00542827,9.72423e-06,0.873162
img_03739.jpg,0.00048635,0.00200229,0.176384,6.45364e-08,3.68755e-06,0.000460331,5.88134e-06,0.820657
img_03749.jpg,0.0235664,0.126511,0.00046274,0.000222059,0.00337497,0.0171505,0.0973707,0.731341
img_03750.jpg,0.024241,0.0340405,0.000444488,4.11379e-05,0.0244264,0.0166376,0.000948617,0.89922
img_03760.jpg,0.0101856,0.0332655,0.00100602,2.69028e-05,0.00407314,0.00515084,0.00674826,0.939544
img_03764.jpg,0.280503,0.208752,0.00141858,3.79169e-07,0.000137907,0.000506294,3.53649e-05,0.508646
img_03776.jpg,0.00541746,0.000844671,9.95255e-05,3.01519e-07,0.987515,6.83131e-05,1.1124e-06,0.00605391
img_03801.jpg,0.0528409,0.000200383,0.000464112,3.31404e-09,0.000104358,7.65178e-06,2.65501e-06,0.94638
img_03805.jpg,0.466664,0.123357,0.03876,0.000292669,0.0174125,0.0152187,6.02754e-05,0.338235
img_03809.jpg,0.0439794,0.108576,0.000408419,2.44655e-06,0.000896012,3.76493e-05,0.00168735,0.844412
img_03825.jpg,0.886706,0.0849958,5.44565e-05,5.02795e-05,0.00109322,0.0073455,4.2321e-05,0.0197129
img_03831.jpg,0.000228284,0.00137402,0.0331169,5.13705e-08,7.57637e-06,0.00014152,3.05428e-06,0.965129
img_03837.jpg,0.815364,0.0632487,0.00010128,4.04134e-05,0.036835,0.0107807,6.54409e-05,0.073565
img_03847.jpg,0.00515122,0.0434304,0.0229879,0.0295962,0.352291,0.0855991,9.36579e-05,0.46085
img_03853.jpg,0.597347,0.000317059,1.81978e-05,3.25632e-08,0.319038,2.69857e-05,3.7874e-05,0.0832155
img_03866.jpg,0.0129514,0.00461441,9.1426e-05,0.000127066,0.922306,0.012431,6.71691e-06,0.0474716
img_03867.jpg,0.00169729,5.03298e-05,9.32676e-06,3.18915e-06,0.992601,0.000273806,1.04276e-06,0.00536453
img_03869.jpg,0.294985,0.00016895,7.7389e-05,8.2214e-09,0.00922422,1.59115e-05,1.69948e-05,0.695512
img_03871.jpg,0.00138856,0.0841213,0.109216,0.00164074,0.00560591,0.0148881,0.00043027,0.782709
img_03886.jpg,0.295072,0.00343623,0.00882394,1.00718e-06,0.224986,7.23113e-05,1.93359e-05,0.46759
img_03891.jpg,0.250452,0.0967654,0.000607656,1.86361e-05,0.000206783,0.0102082,8.97809e-05,0.641651
img_03892.jpg,4.8241e-05,0.0130903,0.000365357,8.27589e-06,0.000114228,0.0024253,0.00164989,0.982298
img_03896.jpg,0.172239,0.000417344,0.00040098,4.61067e-08,0.0494629,1.81309e-05,5.49176e-05,0.777406
img_03923.jpg,0.0353513,0.00047333,0.00252864,0.000187778,0.934191,0.000799983,3.57503e-05,0.0264319
img_03924.jpg,0.000272053,0.000342497,0.000424795,1.42742e-07,0.981442,3.86597e-05,4.00185e-06,0.017476
img_03928.jpg,0.00454945,0.0629921,5.31754e-05,6.45463e-06,0.000840325,0.00127741,0.267257,0.663024
img_03929.jpg,0.00524605,0.182014,0.00820762,0.00109167,0.127477,0.00562149,6.9815e-05,0.670272
img_03931.jpg,0.10595,0.0165738,8.43517e-05,2.55704e-05,0.770651,0.000946817,0.00212303,0.103645
img_03935.jpg,0.0318184,9.49875e-05,1.00969e-06,9.80179e-09,0.957996,1.3087e-05,5.17154e-05,0.0100251
img_03941.jpg,0.502141,0.0138322,0.00296675,0.000186988,0.0981545,0.013026,0.00123141,0.368461
img_03942.jpg,0.0152113,0.931395,0.000226753,0.000191667,0.000760623,0.00493294,0.000166258,0.0471158
img_03943.jpg,0.82026,0.000549833,2.69682e-05,1.23857e-08,0.105262,7.41887e-06,3.32795e-05,0.0738609
img_03945.jpg,0.0175736,0.00166025,0.000182543,0.0033787,0.00307604,0.959179,0.000189519,0.0147607
img_03946.jpg,0.00219011,0.129196,0.00860849,0.0021206,0.0758388,0.00941796,5.11365e-05,0.772577
img_03952.jpg,0.844687,0.0650769,0.00030674,8.59191e-07,0.00288718,0.000219789,0.000264936,0.086557
img_03967.jpg,0.13767,0.413849,0.000556953,7.92672e-06,0.141351,0.000823703,0.000263369,0.305479
img_03974.jpg,0.0614566,0.0460871,0.00330908,1.32093e-05,0.748289,0.00072014,0.000121061,0.140004
img_03992.jpg,0.0243842,0.900408,0.000382943,6.42002e-05,0.010335,0.000245281,0.0033645,0.0608156
img_03995.jpg,0.000604685,0.0354273,0.027346,7.99e-06,0.00297549,8.32426e-05,0.000419646,0.933136
img_03996.jpg,0.191581,0.653878,0.000785103,0.00168565,0.00725955,0.0364621,0.000388839,0.10796
img_04001.jpg,0.610834,0.276803,0.000150575,2.56831e-05,0.00128088,0.0139851,4.18445e-05,0.0968795
img_04002.jpg,0.028301,0.0102199,0.0254965,0.00155077,0.803113,0.032032,3.89574e-06,0.099283
img_04003.jpg,0.548566,0.0156526,0.0024743,3.96578e-05,0.0975634,0.00492273,0.000469569,0.330312
img_04004.jpg,0.338961,0.288472,0.0200062,0.000252718,0.0345048,0.0106498,0.00112858,0.306025
img_04013.jpg,0.00450225,0.0429034,0.0061363,0.000673242,0.664505,0.00362179,1.85327e-05,0.27764
img_04015.jpg,0.385592,0.0369278,5.47225e-05,0.000138078,0.125506,0.112221,0.000675582,0.338885
img_04024.jpg,0.0283618,0.00897768,0.00063771,1.35222e-08,0.0227035,1.7489e-05,4.66866e-05,0.939255
img_04036.jpg,0.017836,0.0175088,5.80535e-05,3.28149e-07,0.00144402,0.000407317,0.0176633,0.945082
img_04037.jpg,0.257386,0.00226284,0.00254033,3.11958e-07,0.0217674,0.000253645,0.000173869,0.715616
img_04044.jpg,0.20334,0.440268,0.00734082,0.000288084,0.00709361,0.00537886,0.000907007,0.335384
img_04061.jpg,0.00459058,0.237573,0.000742389,3.2303e-05,0.00262842,0.00421993,0.000594799,0.749618
img_04069.jpg,0.000344765,4.70038e-05,5.51379e-05,0.00507714,7.20153e-06,0.992491,1.96376e-05,0.0019584
img_04073.jpg,0.00784321,0.0626398,0.00327374,0.00224658,0.022444,0.0115036,0.000769388,0.88928
img_04076.jpg,0.392289,0.0503575,0.000226299,0.000185227,0.4432,0.0355641,4.61016e-05,0.0781316
img_04101.jpg,0.40654,0.0235906,0.00144691,0.00253295,0.408977,0.0936887,0.000318616,0.0629061
img_04115.jpg,0.362824,0.00721559,0.000273044,1.64353e-05,0.0166913,0.0353273,0.00185277,0.575799
img_04118.jpg,0.113538,0.461366,0.0344282,0.000243536,0.18797,0.016943,4.46189e-06,0.185506
img_04126.jpg,0.0130551,0.00427805,0.000970548,0.000127135,0.967371,0.00121511,4.23169e-05,0.0129409
img_04127.jpg,0.000209948,0.00533113,0.000105021,4.95963e-07,0.000218706,0.000151893,0.00193489,0.992048
img_04128.jpg,0.265298,0.562775,0.0003782,3.46933e-06,0.0106993,0.000119777,0.00580953,0.154917
img_04129.jpg,0.260951,0.505908,0.000123393,1.04665e-05,5.3465e-05,0.00248228,0.000843466,0.229628
img_04130.jpg,0.345965,0.00582601,0.000101165,1.1239e-06,0.56723,0.000178294,9.46508e-05,0.0806037
img_04136.jpg,0.00204638,0.0320677,0.239877,0.245814,0.000684498,0.390446,0.000253033,0.0888111
img_04138.jpg,0.000388054,9.69228e-06,3.00545e-06,8.06237e-08,0.997305,1.32631e-05,1.65436e-07,0.00228027
img_04145.jpg,0.0355345,0.000164364,7.88122e-07,2.60745e-09,0.0107424,3.54448e-05,2.61254e-05,0.953496
img_04156.jpg,0.0235712,0.24609,0.328743,0.000115008,0.0141212,0.00192829,0.000126227,0.385305
img_04181.jpg,0.275919,0.0488579,0.000832941,0.000354844,0.426091,0.023148,0.00135377,0.223442
img_04183.jpg,0.12873,0.00394966,6.40711e-05,1.80741e-06,0.0215254,0.00121716,0.000481533,0.84403
img_04204.jpg,0.041234,0.00272128,0.0116248,2.02615e-07,0.0257811,1.5271e-05,1.47154e-05,0.918609
img_04221.jpg,0.535134,0.0100467,4.45615e-05,2.41516e-05,0.0569253,0.0363171,0.00152643,0.359982
img_04233.jpg,0.00693415,0.009797,0.000764079,0.00142037,0.888875,0.0148616,4.93133e-05,0.0772988
img_04237.jpg,0.0207119,0.918053,0.000571453,6.69241e-06,0.00230335,3.7402e-05,0.00416321,0.0541528
img_04240.jpg,0.0577316,0.0128679,0.00285346,1.93695e-06,0.107961,0.000363673,9.75618e-05,0.818123
img_04247.jpg,0.00897501,0.0110687,3.194e-05,1.04486e-06,0.000412712,0.000803947,0.022384,0.956323
img_04250.jpg,0.00053033,2.24251e-05,6.52123e-06,4.00551e-08,0.996835,1.1376e-05,9.21568e-08,0.00259459
img_04257.jpg,0.00505932,5.17845e-05,1.10456e-05,2.32239e-09,0.984837,1.64779e-06,9.44045e-07,0.0100378
img_04261.jpg,0.0184918,0.954666,1.74319e-05,1.85583e-06,0.000171276,2.84594e-06,0.00268049,0.0239682
img_04263.jpg,0.526642,6.87633e-05,4.98112e-06,2.22363e-09,0.30082,5.78502e-06,3.4044e-05,0.172425
img_04266.jpg,0.152843,0.0152306,0.00103027,0.00413084,0.025643,0.705104,0.000304598,0.0957132
img_04268.jpg,0.0155427,0.00239346,0.000516829,6.2875e-08,0.00502248,4.27155e-05,6.17277e-05,0.97642
img_04271.jpg,0.000790633,0.000208631,2.14226e-05,0.000159827,0.996688,0.000296246,5.04719e-07,0.00183451
img_04272.jpg,0.709567,0.0018053,0.000356407,6.12685e-08,0.0823134,3.8065e-05,8.10119e-06,0.205911
img_04282.jpg,0.00151858,0.172904,0.0023942,5.38531e-05,0.0252939,0.00359048,0.281287,0.512958
img_04285.jpg,0.0595842,0.66463,0.000772382,4.32149e-06,0.00611201,0.000211706,0.000464564,0.268221
img_04306.jpg,0.423382,0.00180872,0.000342871,4.25908e-07,0.0681145,7.53175e-05,0.000200521,0.506076
img_04310.jpg,0.139542,0.343181,0.299164,0.00027738,0.0310537,0.00440695,3.36285e-05,0.182341
img_04321.jpg,0.00341965,0.0134201,0.000398705,1.63586e-06,0.00447689,0.000240218,0.00635327,0.97169
img_04323.jpg,0.420242,0.000141332,1.83193e-06,1.36971e-08,0.549038,1.56165e-05,0.000120548,0.0304411
img_04324.jpg,0.0116412,0.00533296,0.000552281,5.67685e-05,0.899697,0.00180943,8.239e-05,0.0808283
img_04341.jpg,0.265285,0.0265622,5.67005e-05,4.00616e-06,0.0339239,0.000565438,0.146804,0.526799
img_04369.jpg,0.058935,0.0575775,0.0109858,0.00244292,0.015186,0.234214,0.000735407,0.619924
img_04370.jpg,0.254343,0.0401098,0.000292568,4.06429e-05,0.213762,0.0174217,0.000234774,0.473795
img_04375.jpg,0.000308527,8.66178e-05,0.000270475,2.55875e-08,0.995559,7.59595e-06,1.04231e-06,0.00376647
img_04382.jpg,0.000253549,0.0128677,0.199266,1.7488e-07,0.000233726,1.3768e-05,6.51024e-06,0.787358
img_04386.jpg,0.0608597,0.0861859,0.00106435,2.18495e-05,0.301269,0.00216572,0.00254091,0.545892
img_04390.jpg,0.00501422,0.00979381,0.167595,1.85322e-05,0.0985663,0.000304725,6.90699e-05,0.718638
img_04405.jpg,0.00283617,0.0128322,3.23553e-05,8.61093e-07,0.000737267,0.00036829,0.138227,0.844966
img_04408.jpg,9.42768e-05,0.997733,3.28245e-05,9.30944e-05,3.57336e-06,5.22299e-06,0.000366897,0.00167089
img_04410.jpg,0.165103,0.0103102,0.000332916,2.73017e-05,0.514185,0.00310002,0.000215049,0.306727
img_04415.jpg,0.170411,0.0109309,0.00044526,1.53155e-05,0.0180739,0.00231525,0.000258511,0.797549
img_04419.jpg,0.000421786,7.882e-06,1.59506e-06,9.05573e-08,0.99911,1.53564e-05,1.59366e-08,0.000443021
img_04422.jpg,0.578095,0.330307,1.76003e-05,4.42934e-07,0.00193009,2.9821e-05,0.00271839,0.0869017
img_04423.jpg,0.0114527,0.00492594,0.000286979,5.03032e-07,0.9556,0.000109453,5.12184e-06,0.0276192
img_04425.jpg,0.0202805,0.161432,0.395865,0.000302988,0.127502,0.000630341,5.08908e-05,0.293937
img_04427.jpg,0.00595314,0.0186223,4.73823e-05,3.87626e-07,0.000811731,0.00023578,0.025096,0.949233
img_04432.jpg,0.950468,0.0017557,8.93472e-07,1.68375e-09,0.0208793,1.84055e-06,5.9603e-05,0.026835
img_04453.jpg,0.00386665,0.000184897,8.56036e-06,1.93338e-05,0.989123,0.000119852,1.01546e-05,0.00666706
img_04461.jpg,0.0267145,0.265081,0.195175,0.00249229,0.0171841,0.00653207,0.00066818,0.486154
img_04476.jpg,0.0178094,0.056194,0.000417621,2.14838e-05,0.0125572,0.00525406,0.00182346,0.905923
img_04478.jpg,0.797386,0.028099,8.17209e-05,1.61239e-05,0.0317181,0.0105905,2.24423e-05,0.132086
img_04479.jpg,0.0666889,0.00473791,0.000703765,0.000184189,0.240594,0.0861307,0.000674553,0.600286
img_04482.jpg,0.0260064,0.950302,0.000227792,7.73186e-05,0.000958436,0.00107806,0.000117029,0.0212326
img_04496.jpg,0.661987,0.00151743,0.000365413,1.12782e-07,0.0127721,4.06554e-05,9.97076e-05,0.323218
img_04503.jpg,0.0014784,3.18481e-05,4.18084e-06,1.14012e-06,0.99535,5.13746e-05,3.44064e-07,0.0030825
img_04507.jpg,0.00352606,0.0192223,0.0660849,2.83753e-06,0.00311255,0.000146164,5.18665e-05,0.907853
img_04511.jpg,0.0156611,0.0021407,7.47437e-05,0.000237567,0.941321,0.0290967,1.93369e-06,0.0114658
img_04520.jpg,0.128472,0.00252167,5.70227e-05,8.82657e-08,0.730831,2.22238e-05,0.00021621,0.13788
img_04532.jpg,3.70724e-05,0.0101655,0.000516569,0.784209,0.000170314,0.177564,0.000199796,0.0271382
img_04546.jpg,0.00414705,0.000908044,0.0487012,6.01043e-08,3.91926e-05,0.000102463,3.16478e-06,0.946099
img_04554.jpg,0.251273,0.151548,0.00142029,0.00149453,0.486769,0.0358296,0.000172764,0.071493
img_04559.jpg,0.0181288,0.0151693,0.0374074,0.000893172,0.00400147,0.91848,5.21782e-07,0.00591876
img_04562.jpg,3.469e-06,0.000598577,6.84696e-05,1.80593e-09,1.18652e-06,1.03799e-05,0.000302818,0.999015
img_04563.jpg,0.20619,0.0321007,0.000733588,0.000191248,0.140915,0.0391968,0.00325707,0.577415
img_04585.jpg,8.38672e-05,2.48081e-06,1.64445e-05,5.15428e-10,0.999822,1.13843e-06,4.42578e-10,7.38996e-05
img_04586.jpg,0.195832,0.0303653,0.00548423,0.000571619,0.00372739,0.0578982,4.10229e-05,0.70608
img_04603.jpg,0.0184094,0.467281,0.0130202,4.09086e-06,0.0187934,0.000319581,0.000161889,0.482011
img_04624.jpg,0.00225101,0.157183,0.00541896,0.166838,0.002954,0.194684,0.00128039,0.469391
img_04629.jpg,0.4983,0.000239777,2.372e-05,7.4099e-09,0.442658,6.13991e-06,1.0126e-05,0.0587626
img_04640.jpg,0.320336,0.00505229,0.000489808,6.78107e-07,0.0918937,0.000704416,0.000166316,0.581357
img_04642.jpg,0.0758031,0.000243486,1.09934e-05,1.3477e-08,0.87168,6.68767e-06,4.62184e-05,0.0522099
img_04647.jpg,0.889397,0.00527438,4.14245e-06,6.45066e-09,0.0260475,4.04043e-06,0.000226651,0.0790459
img_04657.jpg,0.00175982,0.0788423,0.720941,0.0589432,0.00782563,0.0715114,0.000326465,0.0598502
img_04661.jpg,0.0748896,0.701342,6.63822e-05,0.000431944,0.00136772,0.0859381,0.000835154,0.13513
img_04671.jpg,0.104669,0.00862255,0.000347045,1.90306e-08,0.0376787,3.32251e-05,0.000109898,0.84854
img_04675.jpg,0.0051174,0.611963,0.0613411,8.93009e-06,0.00072429,0.000321366,0.00010433,0.320419
img_04696.jpg,0.906726,0.01265,2.25668e-06,1.07105e-08,0.00925699,8.69904e-06,0.000358936,0.0709973
img_04705.jpg,0.00770597,0.0455006,0.586351,1.56891e-05,0.0904864,0.00031522,4.67448e-06,0.269621
img_04712.jpg,0.0022566,0.0204863,0.150442,3.77325e-06,0.00444518,0.000427065,2.83279e-05,0.82191
img_04719.jpg,0.00979475,0.00490719,9.77891e-05,1.01006e-05,0.767527,0.000923226,0.00124562,0.215494
img_04723.jpg,8.04483e-05,0.00385511,0.913208,1.36691e-07,0.000449408,6.37426e-06,4.18347e-07,0.0824
img_04726.jpg,0.000115107,0.000347817,0.000972843,5.61679e-07,0.988867,0.000146443,1.80456e-06,0.00954814
img_04740.jpg,0.0805353,0.00230754,0.01991,0.000497079,0.821609,0.0609947,2.84064e-06,0.0141439
img_04750.jpg,0.00347598,0.00107873,1.68755e-05,4.76864e-08,0.989704,9.65189e-06,1.02561e-06,0.00571328
img_04752.jpg,0.253576,0.0172819,0.00276705,0.00454613,0.00403504,0.399345,0.00364522,0.314804
img_04757.jpg,0.156144,3.5698e-15,5.22667e-29,5.34834e-25,0.00325497,3.79653e-12,6.11926e-19,0.840602
img_04766.jpg,0.235252,0.00228518,0.000239635,6.31145e-07,0.0148146,0.00461043,0.000192388,0.742605
img_04795.jpg,0.00465144,0.078819,0.00164004,3.54533e-06,0.00537168,0.000316224,0.0155982,0.8936
img_04811.jpg,0.00024945,0.032776,0.0966368,0.000287336,0.00286027,0.0182113,9.46988e-05,0.848884
img_04814.jpg,0.000768443,0.00579472,0.94596,1.31411e-06,0.00159018,7.93813e-05,1.07364e-06,0.0458048
img_04830.jpg,0.286897,0.00117806,0.000282508,3.71612e-06,0.382966,0.000478344,0.00128521,0.326909
img_04835.jpg,0.000144106,0.016013,0.0123725,0.364321,0.000847303,0.374212,5.42891e-05,0.232035
img_04856.jpg,0.435013,0.236568,0.00191405,0.000444388,0.00271997,0.0173198,0.015015,0.291005
img_04860.jpg,0.107015,0.209554,0.00158282,0.00014585,0.0225918,0.0085592,0.00410662,0.646445
img_04870.jpg,0.0813899,0.0210493,0.019439,0.00263262,0.509232,0.00844145,0.00400423,0.353811
img_04872.jpg,0.205323,0.0048844,4.15172e-05,1.22664e-06,0.602972,0.000577226,4.53714e-05,0.186156
img_04879.jpg,0.0293992,0.00558855,0.00821357,0.000409778,0.898443,0.00739849,4.69762e-06,0.0505431
img_04885.jpg,0.00286933,0.21999,0.00742352,0.0077335,0.0859788,0.0281653,0.000151769,0.647688
img_04888.jpg,0.279455,0.00633152,0.00195733,2.79496e-08,0.00817345,1.02368e-05,1.46608e-05,0.704058
img_04921.jpg,0.0410585,0.0105453,0.00172863,7.25082e-05,0.433085,0.0227995,0.00317423,0.487537
img_04949.jpg,0.0377403,0.129166,6.9157e-05,2.76194e-07,0.000226046,2.07282e-05,0.0110419,0.821736
img_04959.jpg,0.317386,0.329132,0.0103794,0.000110978,0.0506282,0.00257875,0.0074863,0.282299
img_04962.jpg,1.4642e-06,7.67947e-06,0.955409,1.80579e-10,3.32276e-07,7.05294e-06,9.11662e-10,0.044575
img_04975.jpg,0.0349208,0.0110281,0.000984653,2.62776e-06,0.157668,0.0012957,6.39971e-05,0.794036
img_04990.jpg,0.0202031,0.0388145,4.68242e-05,4.18009e-06,0.00332487,0.0018841,0.136203,0.79952
img_04991.jpg,0.00951457,0.00979708,0.0493652,0.00592082,0.662825,0.142494,7.37132e-06,0.120076
img_05015.jpg,0.000744516,0.163195,0.00210816,0.732654,0.00158916,0.0803742,0.000552537,0.0187819
img_05016.jpg,0.0573035,0.233909,0.0178085,0.000170931,0.0128608,0.00668218,0.00116751,0.670097
img_05021.jpg,0.00602699,4.75821e-05,3.741e-06,2.31686e-08,0.990137,6.01258e-06,1.16955e-06,0.00377694
img_05026.jpg,0.0348014,0.52544,0.000520913,1.11887e-06,0.00096068,0.000112342,0.000459681,0.437704
img_05030.jpg,0.000478977,0.0803867,0.00429211,0.00033292,0.0200759,0.00754195,0.0154875,0.871404
img_05038.jpg,0.193237,0.0285091,0.000676594,2.9953e-07,0.00284845,0.000172397,0.00129489,0.773262
img_05046.jpg,0.0169855,0.213672,0.0039636,0.18571,0.036594,0.24035,0.0191943,0.283531
img_05055.jpg,0.0132642,0.00631947,0.00327063,1.88428e-06,0.911072,0.000107269,5.22967e-06,0.0659588
img_05059.jpg,8.48958e-05,0.000153226,0.000288227,2.41395e-07,0.989394,4.00375e-05,1.052e-06,0.0100377
img_05064.jpg,0.0254276,0.142711,0.0215878,0.00252326,0.007314,0.0127917,0.0416357,0.746009
img_05068.jpg,0.000508736,0.684466,0.00200612,1.7674e-06,0.000144496,1.40073e-05,0.00017807,0.312681
img_05074.jpg,0.0108067,0.000505885,0.000115799,6.74575e-07,0.978414,6.85363e-05,5.65297e-06,0.0100824
img_05076.jpg,0.0344909,0.0183257,0.0014242,7.77534e-08,0.00207939,2.44591e-05,7.02526e-05,0.943585
img_05078.jpg,0.0128927,0.266043,0.0341362,0.000208649,0.0158476,0.0138732,0.000235224,0.656764
img_05084.jpg,0.0194585,0.312743,0.000192796,1.07149e-06,0.000255245,0.000198384,0.00307814,0.664072
img_05085.jpg,0.00918428,0.00265087,0.00128773,7.18556e-06,0.965155,0.000408781,1.35381e-05,0.0212924
img_05087.jpg,0.890037,1.52064e-05,0.000336582,2.58253e-09,0.0368553,7.51597e-06,4.08385e-07,0.0727478
img_05095.jpg,0.257241,0.227614,6.40668e-05,2.91655e-07,8.26412e-06,0.00275366,2.81551e-05,0.51229
img_05119.jpg,0.248559,0.137818,0.00662376,0.000204379,0.0169535,0.00378398,0.00621096,0.579846
img_05137.jpg,0.00870572,0.301782,8.28934e-05,3.94285e-06,0.000623956,0.000349246,0.014727,0.673725
img_05139.jpg,0.0023456,0.00085396,0.795259,2.86935e-06,0.000836863,0.00144556,1.90143e-06,0.199254
img_05147.jpg,0.00237579,0.51239,0.00411185,0.35467,0.00109691,0.0804667,0.0019312,0.0429577
img_05156.jpg,0.102065,0.0019523,0.000782263,0.00190957,0.0476313,0.539106,0.00118998,0.305364
img_05185.jpg,0.611164,0.000125225,1.80057e-05,7.54065e-11,0.00232358,2.46402e-07,4.16227e-06,0.386364
img_05186.jpg,0.619873,0.00190999,2.73621e-05,6.65355e-09,0.000266894,1.83593e-05,4.67318e-05,0.377858
img_05192.jpg,6.26307e-05,0.11514,9.1834e-05,7.98457e-07,8.27203e-06,0.000210123,0.0109908,0.873496
img_05196.jpg,0.000206592,6.03005e-06,1.83667e-06,8.35918e-08,0.99917,1.12736e-05,2.07453e-08,0.000604223
img_05209.jpg,0.167982,0.493307,0.0577064,0.00249957,0.0779912,0.0147985,0.00514903,0.180566
img_05210.jpg,0.534577,0.0163755,0.000868197,0.000200861,0.206877,0.0217393,0.00191463,0.217447
img_05211.jpg,0.00406696,0.0478287,0.000334782,0.294109,0.00172358,0.610158,0.00883614,0.032943
img_05222.jpg,0.545202,0.00566739,0.000298912,7.56888e-08,0.252878,2.06854e-05,4.02341e-05,0.195892
img_05236.jpg,0.00832172,0.0175663,0.00076187,6.01516e-08,0.0133261,2.81208e-05,7.71101e-05,0.959919
img_05241.jpg,0.000517694,1.36554e-05,5.95186e-05,0.00209701,9.46548e-06,0.996031,5.0213e-06,0.00126645
img_05244.jpg,0.871861,0.0241556,4.32131e-05,7.42265e-06,0.0290288,0.00405136,2.5952e-05,0.0708269
img_05251.jpg,7.60808e-05,0.0551109,0.00198703,2.1633e-05,0.00899678,0.00102459,0.169401,0.763382
img_05253.jpg,0.000834844,0.000135613,0.0284984,1.43531e-08,3.16144e-06,0.00029174,4.17574e-07,0.970236
img_05260.jpg,0.147043,0.331566,0.161788,0.000336986,0.00757346,0.0128911,0.000577368,0.338223
img_05264.jpg,9.32245e-07,9.43545e-05,0.987946,1.32403e-09,1.30855e-06,9.40971e-07,3.65425e-09,0.0119561
img_05268.jpg,0.224005,0.00122038,3.24018e-05,2.18659e-07,0.0166635,0.000544722,0.000162845,0.757371
img_05269.jpg,0.169689,0.0489068,0.00488803,1.8578e-06,0.183457,0.000135006,0.000293202,0.592629
img_05273.jpg,0.21554,0.195977,0.0588669,0.000940587,0.0486401,0.011567,0.00235028,0.466117
img_05276.jpg,0.00046886,0.000525645,0.00108937,9.80092e-06,0.964992,0.000742494,4.19892e-05,0.0321299
img_05284.jpg,0.480681,0.394601,3.85263e-05,3.59792e-07,0.00195459,2.32376e-05,0.00249949,0.120203
img_05292.jpg,0.00772985,0.198927,0.00543928,3.36891e-05,0.0182776,0.00990954,0.000214785,0.759468
img_05293.jpg,0.0102314,0.348546,0.0149898,0.0385085,0.173115,0.0251345,0.000158926,0.389316
img_05322.jpg,0.929512,0.000808071,1.95454e-06,3.75217e-08,0.00383924,2.46054e-05,0.000821044,0.0649933
img_05328.jpg,0.205755,0.016426,3.60845e-05,3.16667e-07,0.0407285,0.000144094,0.0150731,0.721836
img_05336.jpg,0.563773,0.077811,7.54003e-05,4.45581e-05,0.000956403,0.0446876,0.000635532,0.312016
img_05341.jpg,0.16044,0.319962,0.0292157,2.87244e-06,0.0314029,0.000215381,4.90819e-05,0.458712
img_05349.jpg,0.476403,0.391534,0.000144506,6.27884e-06,0.00911588,0.000154296,0.00936524,0.113277
img_05359.jpg,0.0631237,0.0815598,0.00201473,1.47201e-06,0.0845853,0.000979892,8.52566e-05,0.76765
img_05378.jpg,0.0691512,0.00055475,7.00221e-05,7.1034e-07,0.914224,6.99159e-05,8.58885e-06,0.0159204
img_05393.jpg,0.0110678,0.25721,9.89491e-05,1.23872e-06,8.9944e-05,3.45264e-05,0.0177425,0.713755
img_05410.jpg,0.00084564,0.0047687,0.0512713,2.05341e-07,9.829e-06,0.000249363,8.63791e-06,0.942846
img_05426.jpg,0.000446413,0.0567622,0.00113445,0.786121,0.000254011,0.140831,0.000611639,0.0138393
img_05433.jpg,0.143923,0.00989986,0.000533975,3.11375e-06,0.0561025,0.00485638,0.000316331,0.784365
img_05434.jpg,0.00368714,0.000843759,0.0131286,3.19413e-05,0.978734,0.000938442,1.58115e-07,0.00263594
img_05438.jpg,0.525932,0.315971,0.000252053,2.00737e-05,0.0675998,0.00256968,8.69877e-05,0.0875676
img_05439.jpg,0.214023,0.130398,0.000695391,2.02892e-05,0.072134,0.00175541,0.00759559,0.573379
img_05440.jpg,0.0970463,0.584568,0.0606705,0.0877379,0.0660935,0.0502415,0.00257873,0.0510634
img_05445.jpg,0.10458,0.06896,0.00081844,3.01754e-06,0.0148334,0.000222665,0.000916464,0.809666
img_05454.jpg,0.00221359,0.000574148,0.000200294,2.75738e-06,0.965242,0.000482776,3.19942e-06,0.0312811
img_05459.jpg,0.0906069,0.384393,0.00242885,9.70274e-05,0.0485817,0.0143078,0.000141214,0.459444
img_05463.jpg,0.0104296,0.121476,0.00417783,1.38549e-05,0.0116993,0.00429451,0.000192842,0.847716
img_05471.jpg,0.00142992,0.0458251,0.000139161,9.09041e-05,0.00068279,0.011978,0.00692213,0.932932
img_05475.jpg,0.000549695,1.20992e-05,1.09154e-06,4.62894e-08,0.998498,1.4358e-05,1.03066e-07,0.000924254
img_05479.jpg,0.0827106,0.0295615,0.000270633,2.58196e-05,0.0213161,0.00386131,0.0038459,0.858408
img_05488.jpg,0.803051,0.0516149,0.000279293,0.000153488,0.00505114,0.0220901,0.000303976,0.117456
img_05489.jpg,0.157766,0.707581,0.000624695,9.33473e-06,0.000219068,0.00200853,7.46769e-05,0.131717
img_05492.jpg,0.000285408,0.00100201,0.214849,1.15254e-08,2.75995e-05,1.04395e-05,2.28226e-06,0.783823
img_05508.jpg,0.827592,0.000824568,3.84833e-05,1.90018e-08,0.000668668,6.17895e-05,6.91108e-05,0.170745
img_05516.jpg,0.00264258,0.0387308,0.000693654,2.55648e-05,0.00142661,0.00518406,0.000683401,0.950613
img_05520.jpg,0.200017,0.0183624,0.00671722,0.00355987,0.460615,0.158933,0.00214597,0.149649
img_05525.jpg,0.0247743,0.0324478,0.00076826,0.000439449,0.461474,0.0308265,5.69115e-05,0.449212
img_05539.jpg,0.000917302,9.69573e-05,0.000162728,0.00665166,2.52669e-05,0.987136,4.10118e-05,0.0049693
img_05548.jpg,0.25679,0.537068,0.000392582,0.00899824,0.0111833,0.0807492,0.00454916,0.10027
img_05558.jpg,0.0641136,0.0108496,0.000129717,4.98808e-09,0.00425925,8.47273e-06,6.88526e-05,0.92057
img_05563.jpg,0.261357,0.0158327,5.83753e-05,2.0144e-05,0.0428746,0.0241159,0.000336185,0.655405
img_05568.jpg,0.50375,0.00187401,0.000669905,2.31931e-08,0.0289714,8.28343e-06,1.06216e-05,0.464716
img_05572.jpg,0.111926,0.103116,5.17709e-05,1.88602e-06,0.00479452,0.00114618,0.047403,0.73156
img_05580.jpg,0.00370043,0.0112572,5.71255e-05,5.46633e-07,0.000564075,0.000199871,0.0199664,0.964254
img_05584.jpg,0.248888,0.22581,0.134031,0.000141549,0.188018,0.00203872,4.52431e-05,0.201027
img_05587.jpg,0.035675,0.0767058,0.0235497,0.0018283,0.695645,0.00171898,0.000466676,0.16441
img_05595.jpg,0.228997,0.00158201,0.000286693,1.05416e-06,0.0203974,0.00542843,0.000294872,0.743012
img_05603.jpg,0.215601,0.132578,0.00269324,6.42389e-05,0.0615583,0.00235393,0.0148768,0.570274
img_05612.jpg,0.394018,0.0347295,0.0026777,0.000756452,0.138576,0.0547662,0.00175544,0.372721
img_05613.jpg,0.202132,0.0181367,0.000558325,0.000196869,0.135517,0.0456448,0.00191729,0.595897
img_05615.jpg,0.868154,7.96526e-05,3.8502e-05,1.14746e-09,0.00035874,1.17265e-05,7.1419e-06,0.13135
img_05623.jpg,0.0745757,0.00829363,0.00031964,2.54852e-06,0.745773,0.0004891,9.46387e-06,0.170537
img_05640.jpg,0.187643,0.0115957,0.000169433,1.21242e-05,0.685728,0.00105939,0.000107029,0.113685
img_05653.jpg,0.0067355,0.0839283,0.000342391,3.44351e-06,0.000180079,0.000247834,0.0987967,0.809766
img_05654.jpg,0.649877,0.017563,4.84482e-05,9.06737e-06,0.000716222,0.0221697,0.000561098,0.309056
img_05657.jpg,0.0181496,0.0278584,0.00149367,0.000184784,0.92885,0.00160837,6.77678e-05,0.021787
img_05672.jpg,0.0029042,0.0217677,0.000882779,0.426165,0.0142741,0.471498,0.00028875,0.0622186
img_05673.jpg,0.13551,0.354381,0.00325208,0.00147684,0.0076263,0.0116132,0.105068,0.381073
img_05682.jpg,0.00552961,0.00155819,6.72565e-05,9.74126e-06,0.00467466,0.00969313,0.00546275,0.973005
img_05692.jpg,5.26717e-05,9.16975e-09,0.997532,2.61148e-10,4.34326e-08,0.000135029,4.03015e-10,0.00227967
img_05718.jpg,0.000203261,0.0485165,0.0146086,0.00298941,0.00524731,0.00843423,1.58245e-05,0.919985
img_05719.jpg,0.000213545,0.00120638,0.0104565,9.49088e-08,9.42837e-06,0.000101617,9.71396e-06,0.988003
img_05721.jpg,8.64501e-06,1.4761e-05,0.992513,4.26002e-09,3.8851e-06,1.39351e-05,7.36378e-09,0.00744604
img_05722.jpg,0.0597184,0.00133879,8.21643e-05,3.07833e-07,0.006972,0.000239106,0.0247668,0.906882
img_05724.jpg,0.28205,0.165021,0.0840642,0.000197513,0.0122164,0.0159756,2.45545e-05,0.440451
img_05731.jpg,0.000361757,4.07668e-06,5.60494e-07,1.84703e-08,0.998806,6.62005e-06,6.55163e-08,0.000821039
img_05735.jpg,0.100072,0.00717278,1.41949e-05,1.28965e-07,0.00186276,0.000484295,0.000268116,0.890126
img_05740.jpg,0.759152,0.00738304,0.00788639,2.05745e-05,0.0879483,0.00409822,1.43749e-05,0.133497
img_05743.jpg,0.000568322,5.97494e-05,8.55572e-05,0.00336433,1.19894e-05,0.99283,1.2657e-05,0.00306732
img_05754.jpg,0.0287486,0.00557823,0.00144236,0.000267025,0.469036,0.0542128,0.000824366,0.439891
img_05755.jpg,0.044123,0.172448,0.00379668,6.54736e-05,0.501628,0.00125463,5.86697e-05,0.276625
img_05766.jpg,0.0146855,0.0557308,0.00104895,4.2215e-07,8.09039e-05,0.000233046,2.57473e-05,0.928195
img_05768.jpg,0.00518724,0.00924433,2.99009e-05,1.5461e-06,0.00130086,0.00190789,0.0457525,0.936576
img_05775.jpg,0.372625,0.0678217,0.000217163,0.00212264,0.130654,0.241064,0.00446716,0.181028
img_05790.jpg,0.415044,0.00675199,0.00146347,9.43483e-06,0.392912,0.000746432,0.000736759,0.182336
img_05792.jpg,0.0186105,0.00847896,0.000894488,2.59804e-07,0.0144384,8.89716e-05,0.000207116,0.957281
img_05794.jpg,0.202425,0.691603,0.000124166,0.000685689,0.00153539,0.0678616,0.000465117,0.0352995
img_05805.jpg,0.0827012,0.810013,0.000125738,4.08049e-06,0.000207995,0.000884258,0.000209582,0.105854
img_05813.jpg,0.11213,0.409145,0.0271057,4.5833e-05,0.00191744,0.00948218,0.00021292,0.439961
img_05817.jpg,0.000597391,0.0528048,6.35161e-05,1.37568e-05,0.000205836,0.00335705,0.0353911,0.907567
img_05824.jpg,8.94983e-05,1.29426e-06,6.56575e-06,2.75475e-10,0.999821,8.53066e-07,4.70158e-10,8.12625e-05
img_05828.jpg,0.365876,4.2267e-05,4.96973e-05,1.26508e-08,0.0342745,3.5726e-05,3.50005e-05,0.599687
img_05835.jpg,0.0113676,0.168487,0.339015,9.03731e-05,0.0218379,0.000684834,0.000126548,0.45839
img_05838.jpg,0.117766,0.490139,0.002178,0.000228685,0.100599,0.00228237,0.000520555,0.286286
img_05857.jpg,0.037572,0.880139,0.000756225,0.000113669,0.00402422,0.000865364,0.000285117,0.0762444
img_05864.jpg,0.107707,0.0971873,0.000224777,3.12805e-06,0.000805533,0.000260431,0.00545121,0.788361
img_05879.jpg,0.063548,0.00470444,4.98329e-05,0.00350171,0.0290653,0.835764,0.000239147,0.0631275
img_05882.jpg,0.0294574,0.00299684,5.34202e-05,1.3917e-08,0.00432804,2.43365e-05,3.50897e-05,0.963105
img_05896.jpg,0.575573,0.166917,0.00017233,0.000134533,0.00296518,0.0219167,0.000215578,0.232106
img_05908.jpg,0.000329889,1.09074e-05,0.00028567,6.10601e-08,0.999176,5.94134e-05,1.74584e-09,0.000137965
img_05915.jpg,0.00198419,0.0127689,0.307618,8.23865e-07,0.000182525,0.000626467,8.92648e-06,0.67681
img_05916.jpg,0.325392,0.0837581,0.000767303,3.53435e-07,0.100927,4.75459e-05,0.000292619,0.488815
img_05922.jpg,0.0882719,0.281767,0.00473905,0.000356215,0.414335,0.00668107,3.61116e-05,0.203813
img_05927.jpg,0.974056,0.000203474,4.0547e-07,7.87077e-09,0.00184455,1.14694e-05,0.000130277,0.0237536
img_05940.jpg,0.167222,0.000707586,5.03736e-05,1.86087e-07,0.616068,3.82296e-05,0.000334639,0.215579
img_05948.jpg,0.273478,0.0137006,0.000270295,8.30246e-06,0.0977192,0.00622659,0.000429963,0.608167
img_05950.jpg,0.71027,0.00084144,0.000308556,5.36079e-07,0.0323269,0.000191029,0.000476129,0.255586
img_05953.jpg,0.0479962,0.0166748,0.0619606,4.90355e-05,0.0406988,0.0104957,0.000195169,0.82193
img_05958.jpg,7.99046e-05,0.000521482,0.00106822,1.24177e-08,8.76552e-07,1.931e-05,3.07437e-06,0.998307
img_05960.jpg,0.00203307,0.00349888,0.000372722,4.01939e-08,0.000357348,4.24907e-05,0.00187601,0.99182
img_05963.jpg,0.000617591,0.807809,0.000269682,0.000129499,9.26416e-05,0.00274052,0.00676204,0.181579
img_05967.jpg,0.108843,0.752982,9.94016e-05,4.51115e-06,0.000132977,0.00106473,0.000192463,0.13668
img_05976.jpg,0.000196531,0.0659581,0.000140239,2.64375e-05,0.00012424,0.00245624,0.0213033,0.909795
img_05979.jpg,0.0482663,0.00491666,0.00120819,0.000165209,0.914257,0.00606766,4.73975e-05,0.0250719
img_05981.jpg,0.0108277,0.000750396,0.000156037,3.09944e-06,0.980245,0.00034701,1.16828e-05,0.00765881
img_05989.jpg,0.0303893,0.112502,0.303086,0.00103297,0.412396,0.0086301,0.000125062,0.131839
img_06001.jpg,0.155757,0.0330251,0.000458657,5.39724e-05,0.363013,0.0125244,0.000132881,0.435034
img_06003.jpg,0.000314659,0.0338334,0.864205,7.28813e-05,0.00785322,1.01447e-05,9.64737e-06,0.0937009
img_06010.jpg,0.0226591,0.0844707,0.000252551,3.05774e-06,0.00183751,0.000714029,0.00107366,0.888989
img_06021.jpg,0.000634229,0.0861585,0.711492,6.93512e-06,0.00024786,0.000656813,7.85289e-06,0.200796
img_06033.jpg,0.00514251,0.0218716,0.108431,1.05809e-05,0.0673509,0.000208916,1.48191e-05,0.796969
img_06037.jpg,0.0549333,0.00194071,4.08272e-05,5.0362e-07,0.776485,0.000127008,0.00364204,0.162831
img_06038.jpg,0.000132089,2.1677e-05,0.956015,1.25906e-10,1.52613e-07,1.58378e-05,1.43422e-08,0.0438155
img_06042.jpg,0.0032526,0.0436998,0.00312144,0.00206718,0.0127104,0.0238312,0.00418695,0.90713
img_06059.jpg,0.000348488,3.19464e-06,1.28997e-05,8.85807e-10,0.999415,2.99472e-06,7.64908e-09,0.00021746
img_06065.jpg,0.178862,0.0511942,0.000413783,6.14811e-06,0.00331071,0.00261415,0.0363627,0.727236
img_06067.jpg,0.000580996,0.0841023,0.608259,1.10818e-05,0.000280896,0.00114316,1.157e-05,0.305611
img_06076.jpg,0.941571,0.0322602,1.246e-06,5.68383e-09,0.00354279,1.78735e-06,0.00031963,0.0223036
img_06097.jpg,0.0181131,0.12302,0.000218144,1.38524e-06,0.000470305,0.00132333,0.000148505,0.856705
img_06099.jpg,0.0423328,0.112687,0.000429216,0.000150646,0.230717,0.00289839,0.0131283,0.597656
img_06101.jpg,0.000679957,0.000649147,0.830564,1.62263e-07,0.000138057,0.000153804,7.16134e-07,0.167814
img_06103.jpg,0.107377,0.00186836,0.000409263,3.40873e-06,0.813738,0.000435215,7.39222e-05,0.0760944
img_06137.jpg,0.000816135,0.00749721,0.0274342,4.1091e-06,0.000296549,0.000632064,0.000241216,0.963078
img_06144.jpg,0.00190957,0.00405558,0.0331397,1.08007e-05,0.255365,0.00150149,0.000126876,0.703891
img_06147.jpg,0.0493532,0.849739,5.89364e-05,4.35001e-06,0.00252372,5.26277e-05,0.0269018,0.0713665
img_06165.jpg,0.334846,0.0205036,0.116657,1.2318e-06,0.043451,0.000454775,1.19909e-05,0.484075
img_06174.jpg,0.431504,0.0111125,8.26508e-05,6.42577e-06,0.224171,0.00449982,0.000233671,0.328389
img_06186.jpg,0.111914,0.193101,0.00162315,0.000116059,0.00612012,0.00271517,0.00163341,0.682777
img_06189.jpg,0.0441932,0.0691169,0.000943597,0.000106813,0.469396,0.00599899,0.000238383,0.410006
img_06203.jpg,0.170561,0.0048759,0.000960933,1.64812e-07,0.0531851,0.00012834,6.76311e-05,0.770221
img_06207.jpg,0.0001157,2.07949e-06,8.41199e-06,0.000683775,8.16337e-07,0.998669,2.90267e-07,0.00052019
img_06210.jpg,0.0052915,0.0444106,0.00166206,1.68764e-05,0.00898454,0.00864999,0.000646948,0.930338
img_06211.jpg,0.277938,0.0393559,0.000290022,3.00598e-05,0.0726284,0.00502881,0.000335319,0.604394
img_06237.jpg,0.156545,0.154795,0.00157648,8.87572e-05,0.0192059,0.00253417,0.15599,0.509265
img_06238.jpg,0.00394168,4.49216e-05,8.13914e-05,2.49635e-06,0.9848,0.000325571,3.16079e-06,0.0108004
img_06259.jpg,0.000723826,0.000195071,0.0118837,2.53709e-08,4.76045e-06,0.000155117,8.51232e-07,0.987037
img_06261.jpg,0.26519,0.013137,0.000766574,3.9133e-06,0.0245158,0.00178642,0.000346191,0.694254
img_06268.jpg,0.125981,0.00929362,0.0372683,1.05676e-05,0.166284,0.0108006,6.60691e-05,0.650296
img_06272.jpg,6.86073e-19,4.32723e-28,0.0,3.75143e-33,1.0,4.38458e-21,5.67255e-27,1.16821e-10
img_06273.jpg,0.0522103,0.942975,2.53353e-05,1.20186e-06,1.9378e-05,0.000885753,7.38716e-06,0.00387595
img_06285.jpg,0.0270089,0.0236607,0.00970506,1.01016e-06,0.351827,3.71355e-05,0.000201515,0.587559
img_06294.jpg,0.17833,0.00030207,0.000220709,1.97288e-08,0.00502201,2.12564e-05,3.07725e-05,0.816073
img_06302.jpg,0.464181,0.0437294,0.00165635,0.00143348,0.00231388,0.0546059,0.0091813,0.422898
img_06311.jpg,0.614829,0.211437,0.00241727,5.11768e-06,0.0297478,0.000911066,1.62051e-05,0.140637
img_06318.jpg,0.000154671,0.0171752,0.00119493,6.18179e-06,7.20851e-05,0.00212018,0.00216698,0.97711
img_06321.jpg,0.00576989,0.310145,0.000447878,4.09119e-07,0.000185123,9.02971e-05,0.000628901,0.682732
img_06324.jpg,0.0226933,0.0760665,0.00215483,0.000740327,0.0211795,0.0125027,0.00749135,0.857172
img_06332.jpg,0.00680659,0.00380598,1.06594e-05,9.52472e-08,0.000519004,8.81612e-05,0.310121,0.678649
img_06345.jpg,0.000439262,3.35933e-06,5.90485e-06,3.46036e-11,2.47539e-06,3.73807e-06,1.11086e-07,0.999545
img_06346.jpg,0.132666,0.0292271,0.00132004,0.000810241,0.251814,0.152667,0.0122082,0.419286
img_06349.jpg,0.000655238,0.00627236,0.00182543,9.34297e-05,0.608346,0.00329782,0.00013713,0.379373
img_06368.jpg,0.118202,0.00723257,0.159334,0.000700266,0.0131638,0.374323,3.64758e-06,0.32704
img_06369.jpg,0.0202467,6.7447e-05,1.48725e-05,2.34097e-08,0.958277,3.6032e-06,3.04403e-06,0.0213877
img_06371.jpg,0.00142134,0.916503,2.34506e-05,2.1902e-06,1.20928e-05,5.37902e-05,0.0328117,0.0491725
img_06373.jpg,2.10305e-05,5.97326e-06,0.996365,8.55908e-09,9.45979e-07,5.61162e-05,2.76075e-09,0.00355077
img_06401.jpg,0.0158398,0.0182157,0.196412,2.56274e-05,0.641011,0.000614974,5.61562e-06,0.127876
img_06412.jpg,0.00732535,0.0216062,0.00167383,0.00276377,0.00784365,0.101562,0.00615458,0.85107
img_06424.jpg,0.268677,0.000121828,7.21396e-06,9.85388e-09,0.696321,5.49672e-06,1.94371e-05,0.0348483
img_06426.jpg,0.115896,0.0222856,1.88347e-05,6.10822e-08,8.41951e-05,6.31655e-05,0.00354212,0.85811
img_06440.jpg,0.536367,0.0256284,0.00248987,0.00263529,0.0691054,0.206373,0.00148521,0.155916
img_06455.jpg,0.0306405,0.01628,0.000658181,0.000160728,0.00589944,0.0492964,5.44953e-05,0.89701
img_06469.jpg,0.236407,0.0788314,0.00114297,0.000179672,0.015665,0.0242772,0.000105934,0.643391
img_06475.jpg,0.00473246,0.0114248,0.000160664,3.47915e-07,0.00645515,0.000180959,0.0173074,0.959738
img_06477.jpg,0.000212265,0.0228178,3.33692e-05,1.27932e-08,3.99344e-06,1.40158e-05,0.00155194,0.975367
img_06489.jpg,0.000808676,0.000116799,1.70919e-05,1.78738e-06,0.99665,9.91292e-05,3.96857e-07,0.0023058
img_06496.jpg,0.335329,0.253063,0.000198201,0.00121894,0.0782628,0.0535943,0.00338226,0.274951
img_06506.jpg,0.143143,0.128692,0.559768,0.000420161,0.00951019,0.0159146,0.000353106,0.142198
img_06508.jpg,0.00518103,0.00030586,0.000164544,0.000163213,0.985295,0.00150776,2.42182e-06,0.00737977
img_06510.jpg,0.302352,0.000760016,0.000166809,2.50581e-07,0.601806,0.000171153,3.82013e-05,0.0947054
img_06521.jpg,0.00410799,0.0736795,0.000202561,1.11654e-07,0.000104368,7.11868e-05,6.6055e-05,0.921768
img_06522.jpg,0.340442,0.00243202,0.000137751,2.42087e-07,0.0487473,0.000516152,9.27134e-05,0.607632
img_06525.jpg,0.0301875,0.0246477,0.762053,0.000240516,0.113049,0.00318872,2.67605e-05,0.066607
img_06541.jpg,0.0315574,0.0073489,0.000131815,6.08142e-06,0.877574,0.000496258,0.000182783,0.0827024
img_06547.jpg,0.022629,0.000777534,2.41316e-05,2.22836e-06,0.951931,0.000144518,6.34336e-05,0.0244286
img_06549.jpg,0.17128,0.634598,0.000190587,4.22872e-05,0.0222593,0.00503984,0.000458742,0.166131
img_06555.jpg,0.0307374,0.625966,0.223288,0.000981801,0.0104289,0.00311415,0.000946517,0.104537
img_06559.jpg,0.0937212,0.000104332,1.68158e-05,8.42967e-09,0.782988,6.56367e-06,6.08496e-05,0.123102
img_06564.jpg,0.711088,0.0418751,0.000221476,0.000111151,0.00227513,0.0239132,0.000121038,0.220395
img_06571.jpg,0.0826248,0.324192,0.00974435,0.000174627,0.00753986,0.0031434,6.36381e-05,0.572518
img_06585.jpg,8.73074e-05,8.48495e-06,4.56518e-06,3.45288e-07,0.999341,3.74084e-05,5.85455e-09,0.000520575
img_06608.jpg,0.135314,0.0661231,0.0195107,0.000443572,0.0838908,0.00701372,0.00331171,0.684393
img_06611.jpg,0.0015096,0.00500735,0.0299148,1.95305e-07,4.1754e-05,0.000408883,1.26798e-05,0.963105
img_06614.jpg,0.145484,0.0111161,0.00261056,0.00653843,0.00269629,0.614757,0.00248944,0.214308
img_06616.jpg,0.327312,0.0022064,0.000555333,2.34538e-06,0.0407622,0.00340072,0.000209631,0.625552
img_06630.jpg,0.00308057,0.0365612,0.000253912,3.88251e-07,0.000251931,0.000153087,0.0221678,0.937531
img_06637.jpg,0.00017927,1.11191e-05,8.9826e-05,1.0228e-08,0.999504,1.08502e-05,2.15252e-09,0.000204689
img_06642.jpg,0.0262767,0.042507,0.000366489,0.000531854,0.00994932,0.133591,0.000690488,0.786087
img_06646.jpg,0.0149523,0.00864817,0.000693101,3.71363e-05,0.945089,0.00052724,7.10838e-05,0.0299817
img_06658.jpg,0.00402835,0.0238138,0.000107033,8.03686e-06,0.00221032,0.0017122,0.0046037,0.963517
img_06662.jpg,0.00296631,0.000929107,0.0117509,1.02685e-05,0.977014,0.000152521,4.22311e-07,0.00717622
img_06663.jpg,4.64414e-05,0.00388835,0.00010879,0.818461,1.86431e-05,0.176261,2.07307e-05,0.00119462
img_06673.jpg,0.3196,0.000665085,0.00156307,1.50668e-07,0.0698337,1.62108e-05,6.0009e-05,0.608262
img_06681.jpg,0.00471644,0.673779,0.00407739,0.0210744,0.000383609,0.0448791,0.00836237,0.242727
img_06684.jpg,0.831992,0.0567235,5.40906e-05,4.48545e-06,0.0566702,0.00334062,2.28764e-05,0.0511925
img_06685.jpg,0.00013145,0.000107627,0.000167505,5.29678e-08,0.988698,1.81999e-05,1.06228e-06,0.0108765
img_06690.jpg,0.00509811,0.00339312,0.796384,3.77056e-06,0.0018522,0.00107242,1.47565e-06,0.192195
img_06698.jpg,0.162492,0.00351008,0.000683063,1.99694e-05,0.15887,0.0329189,0.00048982,0.641016
img_06732.jpg,0.661268,0.00167306,8.45508e-05,7.3102e-08,0.0521157,1.99338e-05,0.000194985,0.284644
img_06734.jpg,0.0283832,0.0257126,0.000203529,1.35579e-07,4.00537e-05,9.97029e-05,9.48542e-06,0.945551
img_06748.jpg,3.02831e-05,0.000375233,0.0268434,5.27629e-08,1.42127e-05,3.57696e-05,6.49347e-06,0.972695
img_06756.jpg,0.452205,0.191146,0.000890858,5.66077e-05,0.0263739,0.00227567,0.0055549,0.321497
img_06780.jpg,0.343044,0.00010106,4.76269e-07,4.58675e-09,0.000504262,0.000589426,1.1316e-05,0.65575
img_06783.jpg,0.0280308,0.0864736,0.00074679,5.74996e-07,0.0157393,0.000132387,0.000423422,0.868453
img_06798.jpg,0.425906,0.011672,2.60186e-05,1.40314e-06,0.0106658,0.00360519,0.00040668,0.547717
img_06800.jpg,0.0342473,0.0466097,0.0252443,2.63846e-05,0.734379,0.000136776,0.000126142,0.15923
img_06806.jpg,0.00516607,0.508761,0.00116099,1.16322e-05,0.000246906,0.000348764,0.000892451,0.483412
img_06807.jpg,0.365367,0.00327103,1.00349e-05,3.4951e-07,0.581766,0.000108095,0.0010326,0.0484453
img_06808.jpg,0.426081,0.197435,0.0016279,6.66065e-06,0.00215501,0.00189297,4.8127e-05,0.370753
img_06812.jpg,0.305721,0.473149,0.0856982,0.00121961,0.0156157,0.0227393,0.000224904,0.095632
img_06831.jpg,0.0805137,0.653761,0.000567729,1.1449e-05,0.0112604,2.11892e-05,0.00209387,0.251771
img_06832.jpg,0.58617,0.0246754,0.000812349,8.81588e-05,0.155317,0.00519105,0.000324229,0.227422
img_06845.jpg,0.0321664,0.837801,2.38455e-05,8.29616e-06,4.1095e-05,0.00555042,0.000587858,0.123821
img_06849.jpg,0.00902417,0.0719782,0.000572145,1.58324e-05,0.0068312,0.00210674,0.0114312,0.89804
img_06851.jpg,0.00835219,0.506913,6.12489e-05,6.46273e-07,0.000151286,0.000111841,0.092971,0.391439
img_06859.jpg,0.656269,0.0124683,0.0354287,3.55708e-05,0.0689021,0.0091147,8.40123e-06,0.217773
img_06860.jpg,0.00778872,0.000566775,0.00113048,2.98359e-05,0.886204,0.000175301,1.00883e-05,0.104095
img_06870.jpg,0.0682543,0.835812,0.000336056,4.09044e-06,0.00912803,1.16728e-05,0.00041155,0.0860427
img_06892.jpg,0.0711686,0.323917,0.132301,0.017077,0.00170623,0.140867,0.0185983,0.294365
img_06893.jpg,0.217731,0.000682867,4.94108e-05,3.57019e-08,0.00683886,0.000212455,3.13771e-05,0.774454
img_06899.jpg,0.0984434,0.0066698,1.6077e-05,2.00099e-06,0.839967,0.000622483,0.000781863,0.0534973
img_06902.jpg,0.00968556,0.00141381,0.000641062,1.21274e-06,0.965087,7.36531e-05,8.89626e-06,0.0230892
img_06909.jpg,0.179063,0.0336137,0.00133076,0.0002619,0.0738701,0.0325825,2.72231e-05,0.67925
img_06914.jpg,0.000445615,2.7012e-05,2.83994e-06,5.12332e-07,0.997799,8.46114e-05,1.09189e-07,0.0016399
img_06916.jpg,0.0617967,0.486286,0.00580156,0.00155016,0.140366,0.0118003,0.000124907,0.292274
img_06921.jpg,0.15609,0.0432014,0.00187779,8.96941e-06,0.663492,0.0009269,1.79551e-05,0.134385
img_06922.jpg,0.0137068,0.191357,0.000277042,3.06879e-06,0.00145176,0.000410708,0.145576,0.647217
img_06936.jpg,0.93942,0.00286968,2.17529e-06,6.81306e-09,0.0162084,4.24365e-06,0.000145561,0.0413503
img_06939.jpg,0.00182848,0.0444169,0.000564198,3.42792e-05,0.000220869,0.00671577,0.000777695,0.945442
img_06946.jpg,0.278377,0.159348,0.000393004,1.25497e-05,0.00477282,0.00232922,0.00386007,0.550907
img_06947.jpg,1.31975e-11,1.41839e-15,2.2315e-21,1.5308e-20,0.999999,3.99472e-12,8.90704e-16,8.2574e-07
img_06955.jpg,0.18247,0.051776,0.489339,6.06471e-05,0.0247253,0.00821368,1.13288e-05,0.243404
img_06959.jpg,0.189948,0.00855201,0.000185181,2.53197e-05,0.390112,0.0040511,0.0011422,0.405984
img_06962.jpg,0.00114123,0.0958025,0.00415608,1.01239e-06,0.00136014,0.000108904,0.00556875,0.891861
img_06966.jpg,0.0238598,0.353875,0.000344332,6.39606e-06,0.0026821,0.000847039,0.00406483,0.614321
img_06975.jpg,0.232664,0.00266358,0.00143537,1.40856e-07,0.20372,0.000163971,6.73608e-05,0.559286
img_06985.jpg,0.0512141,0.168174,0.0200626,0.000336841,0.00427842,0.0094998,0.00512547,0.741309
img_06986.jpg,0.158227,0.589889,0.00337576,4.85737e-06,0.00188979,0.000837211,8.52939e-05,0.245691
img_07005.jpg,0.139793,0.766441,0.000107342,0.00358035,0.00261784,0.0587936,0.00113712,0.0275296
img_07023.jpg,0.644137,0.00232712,0.000795789,3.19312e-07,0.217884,3.83704e-05,2.34177e-05,0.134794
img_07043.jpg,0.000459675,3.60805e-05,1.34805e-05,1.87829e-07,0.998685,7.01132e-06,5.59295e-08,0.000798903
img_07044.jpg,0.000722639,0.00821351,0.184418,2.17452e-05,0.0252083,0.00219022,6.3191e-05,0.779162
img_07045.jpg,0.154163,0.0170976,0.00372665,3.00214e-06,0.446024,0.000222713,0.000166967,0.378596
img_07050.jpg,0.000731677,0.066798,0.00271263,0.604003,0.000253183,0.26956,0.00071818,0.0552233
img_07051.jpg,0.0117692,0.562413,2.82452e-05,3.93935e-07,3.43011e-05,1.43447e-05,0.0317219,0.394019
img_07054.jpg,0.0347365,0.834052,0.000602194,7.33507e-06,0.000803222,0.000380831,0.00114382,0.128274
img_07060.jpg,0.00613216,0.0136987,0.000765397,3.89805e-06,0.00349308,0.000610429,0.000607779,0.974689
img_07062.jpg,0.000197148,2.20452e-05,8.74261e-05,7.69048e-09,0.997557,4.16171e-06,2.06472e-07,0.00213239
img_07065.jpg,0.00233767,0.115056,0.0137206,0.000715057,0.102569,0.00289966,3.10922e-05,0.762671
img_07068.jpg,0.00117697,0.169129,0.002988,2.9048e-05,0.000855821,0.00135095,0.0296294,0.794841
img_07079.jpg,3.75362e-05,1.31884e-06,8.31179e-06,1.91025e-10,0.999891,8.58506e-07,2.32049e-10,6.12833e-05
img_07084.jpg,0.012442,0.0977735,0.120961,7.71239e-06,0.015709,0.000445787,5.00046e-05,0.752611
img_07086.jpg,0.198659,0.0211135,0.00030146,7.56828e-07,0.00108445,0.00298091,0.00021606,0.775644
img_07094.jpg,0.732334,0.00861238,3.99017e-05,1.64056e-08,0.0499944,8.39403e-06,9.25562e-05,0.208918
img_07103.jpg,0.949936,0.00248006,9.19601e-07,1.30701e-09,0.00721092,1.44607e-06,9.92099e-05,0.0402718
img_07110.jpg,0.214597,0.0192331,0.0463281,0.000189137,0.185031,0.00798541,0.000239714,0.526397
img_07120.jpg,0.0039626,0.00626277,0.000888326,7.31284e-06,0.00193952,0.00108399,8.9313e-05,0.985766
img_07122.jpg,0.172807,0.142899,0.000702806,0.0131737,0.110804,0.194665,0.0023991,0.362549
img_07137.jpg,0.0807906,0.00699165,0.00119949,8.68435e-07,0.830807,8.86763e-05,6.49761e-06,0.0801152
img_07143.jpg,0.0117031,0.000385861,1.65368e-05,8.13154e-08,0.975774,1.34207e-05,1.28897e-06,0.012106
img_07146.jpg,0.00782843,0.0123878,0.000190128,0.000106143,0.768119,0.00396141,0.000466344,0.206941
img_07147.jpg,0.000916204,0.0100257,0.00159385,7.14779e-06,0.877459,0.00166242,5.95209e-05,0.108276
img_07149.jpg,0.84421,0.00251327,1.87789e-06,1.25313e-08,0.0158104,2.49803e-05,0.000628735,0.13681
img_07156.jpg,0.0467698,0.0066052,5.36029e-05,0.00220357,0.100233,0.773331,0.000209891,0.0705943
img_07157.jpg,0.0184837,0.819512,0.04881,9.84589e-05,0.00357296,0.00592189,1.68241e-05,0.103584
img_07160.jpg,0.00135948,6.67931e-05,8.22325e-06,4.74837e-06,0.99557,0.000366494,7.81405e-07,0.00262383
img_07173.jpg,0.0201597,0.00391661,0.000732701,3.0457e-07,0.00140401,6.84865e-05,4.41638e-05,0.973674
img_07179.jpg,0.000156043,4.60523e-06,0.000443919,5.07349e-09,0.998881,6.79115e-06,2.40961e-09,0.000507571
img_07183.jpg,0.000602779,0.222705,0.0291363,0.00178874,0.0317609,0.00887571,3.3003e-05,0.705097
img_07187.jpg,0.347359,0.0135744,5.08239e-05,2.68833e-07,0.0238793,0.000197066,0.00139764,0.613541
img_07188.jpg,0.159183,0.0253737,0.000888878,3.82976e-05,0.328332,0.00147572,0.00357782,0.481131
img_07191.jpg,0.279915,0.0108602,0.0483065,0.000644183,0.0383744,0.226816,3.96126e-05,0.395044
img_07192.jpg,0.0817408,0.036639,0.00587522,0.000242854,0.704514,0.00974479,0.000145325,0.161098
img_07199.jpg,0.0139996,0.00256643,0.00307317,4.16795e-05,0.947207,0.000423005,1.72807e-06,0.0326874
img_07213.jpg,0.344979,0.0062216,0.0720071,0.000407364,0.0758798,0.164978,1.27259e-05,0.335515
img_07224.jpg,0.000237823,6.90136e-06,5.054e-05,1.0406e-08,0.999458,1.12905e-05,2.24931e-09,0.000235109
img_07231.jpg,5.79214e-05,0.997902,8.04233e-07,2.40024e-08,1.02342e-07,7.07494e-08,0.000247832,0.00179128
img_07237.jpg,0.550811,0.017881,4.72921e-05,2.2616e-05,0.041912,0.0446106,0.000136081,0.344579
img_07251.jpg,8.40068e-05,0.00697163,0.00019165,2.34078e-08,1.79538e-05,1.146e-05,0.000198027,0.992525
img_07270.jpg,0.000137833,0.000315175,0.000291314,1.46563e-07,0.990869,5.40703e-05,1.20516e-06,0.00833122
img_07278.jpg,0.583825,0.0182997,3.23814e-05,7.85056e-08,0.340365,1.98946e-05,7.40415e-05,0.0573841
img_07304.jpg,0.530709,0.0155476,0.00212939,6.45254e-05,0.18814,0.00596924,0.00186547,0.255575
img_07314.jpg,0.00067638,0.00872204,0.11778,6.3998e-08,9.74126e-06,7.13389e-05,5.83702e-06,0.872734
img_07318.jpg,0.0219836,0.00375544,0.0302912,1.15483e-06,0.00376236,0.000208798,2.50414e-05,0.939972
img_07319.jpg,0.00587345,0.0891179,7.35151e-05,3.38039e-08,2.81169e-05,3.33996e-05,0.000149975,0.904724
img_07330.jpg,0.0991769,0.0262896,0.000218197,1.78476e-06,0.00100324,0.00117418,0.0477458,0.82439
img_07348.jpg,0.0279823,0.209249,0.000932006,5.98622e-05,0.567721,0.000527984,0.00120448,0.192323
img_07352.jpg,0.3828,0.00851316,6.46844e-05,2.07647e-07,0.0308497,9.27974e-05,0.00443624,0.573243
img_07354.jpg,0.789425,0.00012379,2.47072e-05,5.06597e-09,0.0217392,8.57544e-06,4.53538e-05,0.188634
img_07371.jpg,0.00480279,0.0111688,0.619527,2.60974e-07,7.48436e-05,0.000523999,2.40119e-06,0.3639
img_07375.jpg,0.175998,0.000547449,2.25065e-05,3.18532e-07,0.0671869,0.00212913,7.83076e-05,0.754038
img_07409.jpg,0.524267,0.0166027,0.00153407,3.03385e-05,0.00848061,0.00462067,0.000416648,0.444048
img_07417.jpg,0.00121776,0.000598455,0.0217239,5.13518e-07,2.75788e-05,0.000492994,7.50529e-06,0.975931
img_07419.jpg,0.00039629,0.00115323,0.037329,2.78931e-08,1.15598e-06,0.000227993,1.377e-05,0.960879
img_07420.jpg,5.8634e-07,1.22852e-05,3.39301e-07,0.976748,1.0729e-06,0.0232196,5.15567e-06,1.24635e-05
img_07426.jpg,0.010587,0.069516,0.785198,0.000630916,0.00751956,0.00283011,4.75102e-05,0.123671
img_07428.jpg,0.0394482,0.303919,0.00227071,0.000628439,0.334786,0.00592673,0.00016124,0.31286
img_07434.jpg,0.00175669,0.000731673,2.36278e-05,6.21306e-08,0.994231,8.29253e-06,2.63278e-07,0.00324829
img_07436.jpg,0.0161131,0.242897,0.00041746,8.12782e-07,0.00179442,0.000191486,0.0195113,0.719075
img_07448.jpg,0.00349612,0.79104,0.0952017,0.0034031,0.00074257,0.00154916,0.00241002,0.102157
img_07460.jpg,0.0957327,0.608843,0.0060877,0.000395838,0.015495,0.00314695,0.0109071,0.259392
img_07467.jpg,0.948425,0.00419262,3.30576e-06,2.04496e-08,0.0119445,8.74933e-06,0.000178176,0.0352478
img_07469.jpg,0.000234596,0.000462517,0.88841,6.55899e-08,1.62884e-05,0.000197614,9.29637e-07,0.110678
img_07474.jpg,0.0429572,0.108675,0.232221,4.37036e-05,0.437466,0.000729384,1.5411e-05,0.177892
img_07501.jpg,0.00330024,0.00218909,4.30746e-05,1.11784e-07,0.988751,1.39406e-05,6.68375e-07,0.00570207
img_07505.jpg,0.290174,0.0275888,0.00274996,1.06939e-05,0.203579,0.00252258,0.000115633,0.47326
img_07508.jpg,0.0107795,0.0013948,4.54723e-05,2.23716e-07,0.00517448,0.00011782,0.0562618,0.926226
img_07514.jpg,0.0323194,0.000786498,7.27774e-05,2.64723e-06,0.890061,0.00024643,6.28873e-05,0.0764484
img_07526.jpg,0.00460319,0.000303862,0.954551,1.24422e-06,0.000885556,0.00772272,9.77862e-09,0.0319326
img_07528.jpg,0.532699,3.87316e-05,2.23783e-05,7.26405e-09,0.262053,1.30133e-05,1.36456e-05,0.205161
img_07538.jpg,0.00284955,0.0687772,0.00101944,1.20289e-05,0.00263932,0.000941662,0.0829543,0.840806
img_07543.jpg,0.00132524,9.67872e-05,5.41375e-06,1.41575e-08,0.991704,5.29091e-06,3.08821e-07,0.00686293
img_07553.jpg,0.00245919,2.72996e-05,5.28149e-07,2.11439e-08,0.993483,2.12443e-05,6.33292e-07,0.00400777
img_07561.jpg,0.119679,0.0411905,0.00137749,0.000131142,0.130453,0.0194567,4.53724e-05,0.687667
img_07563.jpg,0.000144814,0.00764715,0.000961155,8.6135e-06,0.00476875,0.00128705,0.0174801,0.967702
img_07574.jpg,0.223738,0.000277883,1.05073e-05,3.88639e-08,0.750586,1.27059e-05,2.61984e-05,0.0253487
img_07578.jpg,0.00109544,0.0025346,0.029629,5.63232e-07,0.000603546,6.87759e-05,9.32847e-06,0.966059
img_07580.jpg,0.00157813,0.0188352,0.00695153,0.000613264,0.803246,0.00217623,1.10424e-05,0.166589
img_07583.jpg,0.0660611,0.504033,0.000648217,2.30032e-06,0.00446383,3.15011e-05,0.00248015,0.42228
img_07590.jpg,0.0112969,0.939619,6.94739e-05,2.73801e-05,0.000129628,2.50383e-05,0.00309111,0.0457413
img_07594.jpg,0.026652,0.0821352,0.000339719,3.81551e-05,0.00353607,0.00405591,0.00645178,0.876791
img_07616.jpg,0.0467661,0.0663026,0.0513939,0.000101808,0.0226242,0.00171989,0.00251774,0.808574
img_07621.jpg,0.45083,0.306066,0.000409556,0.000264101,0.0213227,0.0179492,0.00135892,0.2018
img_07623.jpg,0.0110386,0.146083,0.00104977,1.5547e-05,0.00628904,0.000252541,0.00183775,0.833434
img_07628.jpg,0.000103225,0.000197246,0.000151336,5.39193e-08,0.990599,3.25506e-05,1.40002e-06,0.00891508
img_07659.jpg,0.000677138,0.0252039,0.000560729,5.86356e-07,0.00160836,0.000124632,0.0140839,0.957741
img_07663.jpg,0.00412002,0.257563,0.000220278,2.39976e-07,2.8571e-05,1.11983e-05,0.00141601,0.736641
img_07678.jpg,0.0234377,0.0403747,0.192747,0.511257,0.0714734,0.045374,5.18935e-05,0.115284
img_07689.jpg,7.89774e-05,0.0080005,0.000349302,0.834577,3.87359e-05,0.153026,5.99077e-05,0.00386945
img_07700.jpg,0.136473,0.0082251,0.229459,0.000548747,0.025078,0.280294,3.69336e-06,0.319919
img_07717.jpg,0.494227,0.228837,7.56394e-05,3.4572e-05,0.00335989,0.0351889,0.00027529,0.238002
img_07746.jpg,0.0657822,0.0124388,0.00122511,0.00161006,0.0417973,0.499299,0.00129765,0.37655
img_07757.jpg,0.0205721,0.0270049,0.00309411,0.000402681,0.895316,0.00207102,0.000213745,0.0513253
img_07792.jpg,0.182119,0.0863005,0.00159212,1.53913e-05,0.127938,0.0106073,0.000168067,0.59126
img_07799.jpg,0.0716356,0.551754,0.0212949,0.000117673,0.0714068,0.000810135,0.00256141,0.28042
img_07818.jpg,0.893793,0.00544907,4.00665e-06,1.2482e-08,0.0428039,6.65221e-06,0.000234074,0.0577091
img_07833.jpg,0.556357,0.127644,0.00013429,8.39967e-06,0.0084989,0.00514877,0.000274371,0.301934
img_07859.jpg,0.000955116,0.00268634,0.00387436,0.000171797,0.758327,0.00408061,0.000625679,0.229279
img_07872.jpg,0.0169772,0.00557873,0.000305499,7.77816e-05,0.960333,0.000944699,5.92405e-05,0.0157242
img_07893.jpg,0.00102712,0.0866771,0.000101183,4.42044e-06,0.000242156,0.000652665,0.0184341,0.892861
img_07895.jpg,0.816779,3.05175e-05,1.92487e-05,9.13444e-10,0.00050302,1.15774e-05,6.84082e-06,0.18265
img_07905.jpg,0.458912,0.00280524,0.0016619,3.54294e-07,0.0445773,0.000509186,7.06556e-06,0.491527
img_07906.jpg,0.00336061,0.00209551,0.341073,2.06264e-08,5.23596e-05,8.82593e-05,1.65954e-06,0.653329
img_07908.jpg,0.745429,0.0176551,2.48941e-05,4.22017e-06,0.0311659,0.0045373,0.000412571,0.200771
img_07910.jpg,0.500967,0.0023135,0.000257233,2.90759e-07,0.128468,8.60345e-05,0.0010111,0.366897
img_07921.jpg,0.00936409,0.0689936,0.0012002,0.291568,0.0195137,0.516318,0.000816075,0.0922265
